TransactionID,Date,Month,Quarter,Year,ProductID,ProductName,CategoryID,CategoryName,CustomerID,Gender,Age,StoreID,StoreName,City,Country,Quantity,PricePerUnit,TotalAmount,DiscountApplied,GrossAmount
1,2023-11-24,11,4,2023,P003,Perfume,1,Beauty,CUST001,Male,34.0,S004,Medan Branch,Medan,Indonesia,3.0,50.0,150.0,12.87,150.0
2,2023-02-27,2,1,2023,P010,Suit,2,Clothing,CUST002,Female,26.0,S004,Medan Branch,Medan,Indonesia,3.0,500.0,1000.0,13.95,1000.0
4,2023-05-21,5,2,2023,P010,Suit,2,Clothing,CUST004,Male,37.0,S002,Surabaya Outlet,Surabaya,Indonesia,1.0,500.0,500.0,12.3,500.0
5,2023-05-06,5,2,2023,P003,Perfume,1,Beauty,CUST005,Male,30.0,S005,Bali Shop,Bali,Indonesia,2.0,50.0,100.0,8.78,100.0
6,2023-04-25,4,2,2023,P002,Face Cream,1,Beauty,CUST006,Female,45.0,S001,Main Store Jakarta,Jakarta,Indonesia,1.0,30.0,30.0,0.47,30.0
8,2023-02-22,2,1,2023,P011,Headphones,3,Electronics,CUST008,Male,30.0,S003,Bandung Store,Bandung,Indonesia,4.0,25.0,100.0,9.68,100.0
9,2023-12-13,12,4,2023,P014,Laptop,3,Electronics,CUST009,Male,63.0,S004,Medan Branch,Medan,Indonesia,3.0,300.0,600.0,19.69,600.0
10,2023-10-07,10,4,2023,P008,Jacket,2,Clothing,CUST010,Female,52.0,S005,Bali Shop,Bali,Indonesia,3.0,50.0,200.0,1.45,200.0
11,2023-02-14,2,1,2023,P008,Jacket,2,Clothing,CUST011,Male,23.0,S003,Bandung Store,Bandung,Indonesia,2.0,50.0,100.0,9.73,100.0
12,2023-10-30,10,4,2023,P001,Lipstick,1,Beauty,CUST012,Male,35.0,S005,Bali Shop,Bali,Indonesia,3.0,25.0,75.0,12.58,75.0
14,2023-01-17,1,1,2023,P007,Jeans,2,Clothing,CUST014,Male,64.0,S002,Surabaya Outlet,Surabaya,Indonesia,3.0,30.0,120.0,5.29,120.0
15,2023-01-16,1,1,2023,P015,Smartphone,3,Electronics,CUST015,Female,42.0,S005,Bali Shop,Bali,Indonesia,4.0,500.0,2000.0,15.43,2000.0
16,2023-02-17,2,1,2023,P010,Suit,2,Clothing,CUST016,Male,19.0,S004,Medan Branch,Medan,Indonesia,3.0,500.0,1500.0,8.14,1500.0
17,2023-04-22,4,2,2023,P006,T-Shirt,2,Clothing,CUST017,Female,27.0,S001,Main Store Jakarta,Jakarta,Indonesia,3.0,25.0,100.0,1.66,100.0
18,2023-04-30,4,2,2023,P011,Headphones,3,Electronics,CUST018,Female,47.0,S003,Bandung Store,Bandung,Indonesia,2.0,25.0,50.0,13.72,50.0
19,2023-09-16,9,3,2023,P006,T-Shirt,2,Clothing,CUST019,Female,62.0,S004,Medan Branch,Medan,Indonesia,2.0,25.0,50.0,6.37,50.0
20,2023-11-05,11,4,2023,P009,Dress,2,Clothing,CUST020,Male,22.0,S005,Bali Shop,Bali,Indonesia,3.0,300.0,900.0,6.56,900.0
21,2023-01-14,1,1,2023,P005,Makeup Kit,1,Beauty,CUST021,Female,50.0,S005,Bali Shop,Bali,Indonesia,1.0,500.0,500.0,13.59,500.0
23,2023-04-12,4,2,2023,P007,Jeans,2,Clothing,CUST023,Female,35.0,S004,Medan Branch,Medan,Indonesia,4.0,30.0,120.0,4.84,120.0
24,2023-11-29,11,4,2023,P009,Dress,2,Clothing,CUST024,Female,49.0,S005,Bali Shop,Bali,Indonesia,3.0,300.0,300.0,0.84,300.0
25,2023-12-26,12,4,2023,P003,Perfume,1,Beauty,CUST025,Female,64.0,S004,Medan Branch,Medan,Indonesia,1.0,50.0,50.0,9.69,50.0
26,2023-10-07,10,4,2023,P015,Smartphone,3,Electronics,CUST026,Female,28.0,S004,Medan Branch,Medan,Indonesia,3.0,500.0,1000.0,15.24,1000.0
29,2023-08-18,8,3,2023,P012,Charger,3,Electronics,CUST029,Female,42.0,S005,Bali Shop,Bali,Indonesia,1.0,30.0,30.0,6.37,30.0
30,2023-10-29,10,4,2023,P004,Skincare Set,1,Beauty,CUST030,Female,39.0,S004,Medan Branch,Medan,Indonesia,3.0,300.0,900.0,6.84,900.0
31,2023-05-23,5,2,2023,P014,Laptop,3,Electronics,CUST031,Male,44.0,S005,Bali Shop,Bali,Indonesia,3.0,300.0,1200.0,15.81,1200.0
32,2023-01-04,1,1,2023,P002,Face Cream,1,Beauty,CUST032,Male,30.0,S005,Bali Shop,Bali,Indonesia,3.0,30.0,90.0,8.64,90.0
33,2023-03-23,3,1,2023,P013,Smartwatch,3,Electronics,CUST033,Female,50.0,S005,Bali Shop,Bali,Indonesia,2.0,50.0,100.0,16.86,100.0
34,2023-12-24,12,4,2023,P008,Jacket,2,Clothing,CUST034,Female,51.0,S005,Bali Shop,Bali,Indonesia,3.0,50.0,150.0,6.78,150.0
35,2023-08-05,8,3,2023,P004,Skincare Set,1,Beauty,CUST035,Female,58.0,S002,Surabaya Outlet,Surabaya,Indonesia,3.0,300.0,900.0,14.11,900.0
36,2023-06-24,6,2,2023,P004,Skincare Set,1,Beauty,CUST036,Male,42.0,S002,Surabaya Outlet,Surabaya,Indonesia,3.0,300.0,900.0,5.19,900.0
38,2023-03-21,3,1,2023,P003,Perfume,1,Beauty,CUST038,Male,38.0,S004,Medan Branch,Medan,Indonesia,4.0,50.0,200.0,10.41,200.0
39,2023-04-21,4,2,2023,P007,Jeans,2,Clothing,CUST039,Male,23.0,S004,Medan Branch,Medan,Indonesia,3.0,30.0,120.0,18.53,120.0
40,2023-06-22,6,2,2023,P003,Perfume,1,Beauty,CUST040,Male,45.0,S005,Bali Shop,Bali,Indonesia,1.0,50.0,50.0,1.46,50.0
41,2023-02-22,2,1,2023,P006,T-Shirt,2,Clothing,CUST041,Male,34.0,S004,Medan Branch,Medan,Indonesia,2.0,25.0,50.0,15.5,50.0
42,2023-02-17,2,1,2023,P009,Dress,2,Clothing,CUST042,Male,22.0,S003,Bandung Store,Bandung,Indonesia,3.0,300.0,900.0,7.24,900.0
43,2023-07-14,7,3,2023,P009,Dress,2,Clothing,CUST043,Female,48.0,S005,Bali Shop,Bali,Indonesia,1.0,300.0,300.0,4.35,300.0
44,2023-02-19,2,1,2023,P006,T-Shirt,2,Clothing,CUST044,Female,22.0,S003,Bandung Store,Bandung,Indonesia,3.0,25.0,25.0,15.08,25.0
45,2023-07-03,7,3,2023,P012,Charger,3,Electronics,CUST045,Female,55.0,S001,Main Store Jakarta,Jakarta,Indonesia,3.0,30.0,30.0,9.35,30.0
46,2023-06-26,6,2,2023,P014,Laptop,3,Electronics,CUST046,Female,20.0,S003,Bandung Store,Bandung,Indonesia,4.0,300.0,1200.0,9.55,1200.0
47,2023-11-06,11,4,2023,P005,Makeup Kit,1,Beauty,CUST047,Female,40.0,S003,Bandung Store,Bandung,Indonesia,3.0,500.0,1500.0,16.78,1500.0
48,2023-05-16,5,2,2023,P014,Laptop,3,Electronics,CUST048,Male,54.0,S001,Main Store Jakarta,Jakarta,Indonesia,3.0,300.0,900.0,18.42,900.0
49,2023-01-23,1,1,2023,P015,Smartphone,3,Electronics,CUST049,Female,42.0,S003,Bandung Store,Bandung,Indonesia,2.0,500.0,1000.0,19.18,1000.0
50,2023-08-24,8,3,2023,P001,Lipstick,1,Beauty,CUST050,Female,27.0,S005,Bali Shop,Bali,Indonesia,3.0,25.0,75.0,1.79,75.0
51,2023-10-02,10,4,2023,P001,Lipstick,1,Beauty,CUST051,Male,27.0,S004,Medan Branch,Medan,Indonesia,3.0,25.0,75.0,1.91,75.0
52,2023-03-05,3,1,2023,P004,Skincare Set,1,Beauty,CUST052,Female,36.0,S002,Surabaya Outlet,Surabaya,Indonesia,1.0,300.0,300.0,17.79,300.0
53,2023-07-13,7,3,2023,P013,Smartwatch,3,Electronics,CUST053,Male,34.0,S005,Bali Shop,Bali,Indonesia,2.0,50.0,100.0,4.73,100.0
54,2023-02-10,2,1,2023,P015,Smartphone,3,Electronics,CUST054,Female,38.0,S001,Main Store Jakarta,Jakarta,Indonesia,3.0,500.0,1500.0,10.52,1500.0
55,2023-10-10,10,4,2023,P002,Face Cream,1,Beauty,CUST055,Male,31.0,S002,Surabaya Outlet,Surabaya,Indonesia,4.0,30.0,120.0,14.8,120.0
56,2023-05-31,5,2,2023,P009,Dress,2,Clothing,CUST056,Female,26.0,S003,Bandung Store,Bandung,Indonesia,3.0,300.0,900.0,19.36,900.0
57,2023-11-18,11,4,2023,P002,Face Cream,1,Beauty,CUST057,Female,63.0,S003,Bandung Store,Bandung,Indonesia,3.0,30.0,30.0,17.22,30.0
58,2023-11-13,11,4,2023,P009,Dress,2,Clothing,CUST058,Male,18.0,S002,Surabaya Outlet,Surabaya,Indonesia,3.0,300.0,1200.0,7.86,1200.0
59,2023-07-05,7,3,2023,P008,Jacket,2,Clothing,CUST059,Male,62.0,S004,Medan Branch,Medan,Indonesia,1.0,50.0,50.0,4.14,50.0
60,2023-10-23,10,4,2023,P003,Perfume,1,Beauty,CUST060,Male,30.0,S005,Bali Shop,Bali,Indonesia,3.0,50.0,150.0,19.62,150.0
61,2023-04-09,4,2,2023,P003,Perfume,1,Beauty,CUST061,Male,21.0,S005,Bali Shop,Bali,Indonesia,4.0,50.0,200.0,10.13,200.0
62,2023-12-27,12,4,2023,P003,Perfume,1,Beauty,CUST062,Male,42.0,S002,Surabaya Outlet,Surabaya,Indonesia,2.0,50.0,100.0,13.32,100.0
63,2023-02-05,2,1,2023,P011,Headphones,3,Electronics,CUST063,Male,57.0,S001,Main Store Jakarta,Jakarta,Indonesia,3.0,25.0,50.0,18.94,50.0
64,2023-01-24,1,1,2023,P006,T-Shirt,2,Clothing,CUST064,Male,49.0,S005,Bali Shop,Bali,Indonesia,3.0,25.0,100.0,15.63,100.0
65,2023-12-05,12,4,2023,P015,Smartphone,3,Electronics,CUST065,Male,51.0,S004,Medan Branch,Medan,Indonesia,3.0,500.0,2000.0,14.14,2000.0
66,2023-04-27,4,2,2023,P012,Charger,3,Electronics,CUST066,Female,45.0,S002,Surabaya Outlet,Surabaya,Indonesia,3.0,30.0,30.0,0.29,30.0
67,2023-05-29,5,2,2023,P004,Skincare Set,1,Beauty,CUST067,Female,48.0,S003,Bandung Store,Bandung,Indonesia,4.0,300.0,1200.0,13.8,1200.0
68,2023-02-10,2,1,2023,P014,Laptop,3,Electronics,CUST068,Male,25.0,S003,Bandung Store,Bandung,Indonesia,3.0,300.0,300.0,14.67,300.0
69,2023-04-30,4,2,2023,P001,Lipstick,1,Beauty,CUST069,Female,56.0,S004,Medan Branch,Medan,Indonesia,3.0,25.0,75.0,0.4,75.0
70,2023-02-21,2,1,2023,P009,Dress,2,Clothing,CUST070,Female,43.0,S004,Medan Branch,Medan,Indonesia,1.0,300.0,300.0,8.58,300.0
71,2023-07-14,7,3,2023,P001,Lipstick,1,Beauty,CUST071,Female,51.0,S003,Bandung Store,Bandung,Indonesia,4.0,25.0,100.0,11.51,100.0
72,2023-05-23,5,2,2023,P015,Smartphone,3,Electronics,CUST072,Female,20.0,S002,Surabaya Outlet,Surabaya,Indonesia,3.0,500.0,2000.0,9.14,2000.0
74,2023-11-22,11,4,2023,P005,Makeup Kit,1,Beauty,CUST074,Female,18.0,S003,Bandung Store,Bandung,Indonesia,4.0,500.0,2000.0,0.67,2000.0
75,2023-07-06,7,3,2023,P003,Perfume,1,Beauty,CUST075,Male,61.0,S001,Main Store Jakarta,Jakarta,Indonesia,4.0,50.0,200.0,1.19,200.0
76,2023-03-25,3,1,2023,P013,Smartwatch,3,Electronics,CUST076,Female,22.0,S001,Main Store Jakarta,Jakarta,Indonesia,3.0,50.0,100.0,8.42,100.0
77,2023-07-09,7,3,2023,P008,Jacket,2,Clothing,CUST077,Female,47.0,S002,Surabaya Outlet,Surabaya,Indonesia,2.0,50.0,100.0,4.7,100.0
78,2023-07-01,7,3,2023,P010,Suit,2,Clothing,CUST078,Female,47.0,S003,Bandung Store,Bandung,Indonesia,3.0,500.0,1500.0,13.86,1500.0
79,2023-04-18,4,2,2023,P004,Skincare Set,1,Beauty,CUST079,Male,34.0,S003,Bandung Store,Bandung,Indonesia,1.0,300.0,300.0,4.79,300.0
80,2023-12-10,12,4,2023,P007,Jeans,2,Clothing,CUST080,Female,64.0,S004,Medan Branch,Medan,Indonesia,2.0,30.0,60.0,4.52,60.0
81,2023-05-17,5,2,2023,P013,Smartwatch,3,Electronics,CUST081,Male,40.0,S005,Bali Shop,Bali,Indonesia,1.0,50.0,50.0,13.59,50.0
82,2023-12-26,12,4,2023,P003,Perfume,1,Beauty,CUST082,Female,32.0,S005,Bali Shop,Bali,Indonesia,4.0,50.0,200.0,10.29,200.0
83,2023-12-16,12,4,2023,P013,Smartwatch,3,Electronics,CUST083,Male,54.0,S005,Bali Shop,Bali,Indonesia,3.0,50.0,100.0,17.71,100.0
84,2023-11-28,11,4,2023,P012,Charger,3,Electronics,CUST084,Female,38.0,S001,Main Store Jakarta,Jakarta,Indonesia,3.0,30.0,90.0,6.62,90.0
85,2023-02-06,2,1,2023,P008,Jacket,2,Clothing,CUST085,Male,31.0,S004,Medan Branch,Medan,Indonesia,3.0,50.0,150.0,9.73,150.0
86,2023-11-08,11,4,2023,P002,Face Cream,1,Beauty,CUST086,Male,19.0,S003,Bandung Store,Bandung,Indonesia,3.0,30.0,90.0,9.93,90.0
87,2023-11-22,11,4,2023,P003,Perfume,1,Beauty,CUST087,Female,28.0,S002,Surabaya Outlet,Surabaya,Indonesia,3.0,50.0,100.0,3.07,100.0
88,2023-03-29,3,1,2023,P010,Suit,2,Clothing,CUST088,Male,56.0,S005,Bali Shop,Bali,Indonesia,1.0,500.0,500.0,2.01,500.0
89,2023-10-01,10,4,2023,P015,Smartphone,3,Electronics,CUST089,Female,55.0,S002,Surabaya Outlet,Surabaya,Indonesia,3.0,500.0,2000.0,8.71,2000.0
90,2023-05-06,5,2,2023,P012,Charger,3,Electronics,CUST090,Female,51.0,S005,Bali Shop,Bali,Indonesia,1.0,30.0,30.0,17.09,30.0
91,2023-03-25,3,1,2023,P015,Smartphone,3,Electronics,CUST091,Female,55.0,S003,Bandung Store,Bandung,Indonesia,3.0,500.0,500.0,5.5,500.0
92,2023-08-25,8,3,2023,P012,Charger,3,Electronics,CUST092,Female,51.0,S003,Bandung Store,Bandung,Indonesia,4.0,30.0,120.0,12.49,120.0
93,2023-07-14,7,3,2023,P005,Makeup Kit,1,Beauty,CUST093,Female,35.0,S004,Medan Branch,Medan,Indonesia,4.0,500.0,2000.0,12.86,2000.0
94,2023-05-19,5,2,2023,P005,Makeup Kit,1,Beauty,CUST094,Female,47.0,S004,Medan Branch,Medan,Indonesia,2.0,500.0,1000.0,17.08,1000.0
95,2023-11-24,11,4,2023,P007,Jeans,2,Clothing,CUST095,Female,32.0,S001,Main Store Jakarta,Jakarta,Indonesia,2.0,30.0,60.0,17.7,60.0
96,2023-12-19,12,4,2023,P009,Dress,2,Clothing,CUST096,Female,44.0,S004,Medan Branch,Medan,Indonesia,3.0,300.0,600.0,8.86,600.0
97,2023-10-13,10,4,2023,P005,Makeup Kit,1,Beauty,CUST097,Female,51.0,S002,Surabaya Outlet,Surabaya,Indonesia,2.0,500.0,1000.0,16.07,1000.0
98,2023-04-23,4,2,2023,P003,Perfume,1,Beauty,CUST098,Female,55.0,S005,Bali Shop,Bali,Indonesia,2.0,50.0,100.0,13.93,100.0
99,2023-12-17,12,4,2023,P014,Laptop,3,Electronics,CUST099,Female,50.0,S002,Surabaya Outlet,Surabaya,Indonesia,3.0,300.0,1200.0,18.88,1200.0
100,2023-06-16,6,2,2023,P012,Charger,3,Electronics,CUST100,Male,41.0,S002,Surabaya Outlet,Surabaya,Indonesia,1.0,30.0,30.0,7.42,30.0
101,2023-01-29,1,1,2023,P009,Dress,2,Clothing,CUST101,Male,32.0,S005,Bali Shop,Bali,Indonesia,3.0,300.0,600.0,19.41,600.0
102,2023-04-28,4,2,2023,P001,Lipstick,1,Beauty,CUST102,Female,47.0,S002,Surabaya Outlet,Surabaya,Indonesia,2.0,25.0,50.0,9.94,50.0
103,2023-01-17,1,1,2023,P006,T-Shirt,2,Clothing,CUST103,Female,59.0,S004,Medan Branch,Medan,Indonesia,1.0,25.0,25.0,15.86,25.0
104,2023-06-11,6,2,2023,P005,Makeup Kit,1,Beauty,CUST104,Female,34.0,S004,Medan Branch,Medan,Indonesia,3.0,500.0,1000.0,11.43,1000.0
105,2023-07-25,7,3,2023,P015,Smartphone,3,Electronics,CUST105,Female,22.0,S003,Bandung Store,Bandung,Indonesia,1.0,500.0,500.0,8.45,500.0
106,2023-05-18,5,2,2023,P008,Jacket,2,Clothing,CUST106,Female,46.0,S005,Bali Shop,Bali,Indonesia,3.0,50.0,50.0,14.9,50.0
107,2023-02-03,2,1,2023,P009,Dress,2,Clothing,CUST107,Female,21.0,S004,Medan Branch,Medan,Indonesia,3.0,300.0,1200.0,17.59,1200.0
108,2023-04-19,4,2,2023,P001,Lipstick,1,Beauty,CUST108,Female,27.0,S001,Main Store Jakarta,Jakarta,Indonesia,3.0,25.0,75.0,0.43,75.0
109,2023-10-18,10,4,2023,P015,Smartphone,3,Electronics,CUST109,Female,34.0,S001,Main Store Jakarta,Jakarta,Indonesia,4.0,500.0,2000.0,5.88,2000.0
110,2023-06-11,6,2,2023,P009,Dress,2,Clothing,CUST110,Male,27.0,S002,Surabaya Outlet,Surabaya,Indonesia,3.0,300.0,900.0,12.02,900.0
111,2023-04-19,4,2,2023,P015,Smartphone,3,Electronics,CUST111,Female,34.0,S003,Bandung Store,Bandung,Indonesia,3.0,500.0,1500.0,2.28,1500.0
112,2023-12-02,12,4,2023,P010,Suit,2,Clothing,CUST112,Male,37.0,S003,Bandung Store,Bandung,Indonesia,3.0,500.0,1500.0,10.81,1500.0
114,2023-07-22,7,3,2023,P001,Lipstick,1,Beauty,CUST114,Female,22.0,S004,Medan Branch,Medan,Indonesia,4.0,25.0,100.0,10.93,100.0
115,2023-11-26,11,4,2023,P010,Suit,2,Clothing,CUST115,Male,51.0,S002,Surabaya Outlet,Surabaya,Indonesia,3.0,500.0,1500.0,11.85,1500.0
116,2023-08-23,8,3,2023,P007,Jeans,2,Clothing,CUST116,Female,23.0,S004,Medan Branch,Medan,Indonesia,1.0,30.0,30.0,7.39,30.0
117,2023-03-15,3,1,2023,P015,Smartphone,3,Electronics,CUST117,Male,19.0,S005,Bali Shop,Bali,Indonesia,2.0,500.0,1000.0,19.39,1000.0
118,2023-05-16,5,2,2023,P015,Smartphone,3,Electronics,CUST118,Female,30.0,S002,Surabaya Outlet,Surabaya,Indonesia,4.0,500.0,2000.0,5.06,2000.0
119,2023-03-13,3,1,2023,P008,Jacket,2,Clothing,CUST119,Female,60.0,S002,Surabaya Outlet,Surabaya,Indonesia,3.0,50.0,150.0,5.85,150.0
120,2023-05-07,5,2,2023,P003,Perfume,1,Beauty,CUST120,Male,60.0,S003,Bandung Store,Bandung,Indonesia,1.0,50.0,50.0,1.68,50.0
121,2023-10-15,10,4,2023,P013,Smartwatch,3,Electronics,CUST121,Female,28.0,S003,Bandung Store,Bandung,Indonesia,4.0,50.0,200.0,3.45,200.0
122,2023-10-03,10,4,2023,P012,Charger,3,Electronics,CUST122,Male,64.0,S002,Surabaya Outlet,Surabaya,Indonesia,4.0,30.0,120.0,15.01,120.0
123,2023-05-15,5,2,2023,P012,Charger,3,Electronics,CUST123,Female,40.0,S003,Bandung Store,Bandung,Indonesia,2.0,30.0,60.0,9.39,60.0
124,2023-10-27,10,4,2023,P010,Suit,2,Clothing,CUST124,Male,33.0,S003,Bandung Store,Bandung,Indonesia,4.0,500.0,2000.0,1.81,2000.0
125,2023-08-08,8,3,2023,P008,Jacket,2,Clothing,CUST125,Male,48.0,S005,Bali Shop,Bali,Indonesia,2.0,50.0,100.0,7.66,100.0
127,2023-07-24,7,3,2023,P006,T-Shirt,2,Clothing,CUST127,Female,33.0,S001,Main Store Jakarta,Jakarta,Indonesia,2.0,25.0,50.0,5.71,50.0
128,2023-07-05,7,3,2023,P005,Makeup Kit,1,Beauty,CUST128,Male,42.0,S004,Medan Branch,Medan,Indonesia,1.0,500.0,500.0,19.2,500.0
129,2023-04-23,4,2,2023,P004,Skincare Set,1,Beauty,CUST129,Female,21.0,S004,Medan Branch,Medan,Indonesia,2.0,300.0,600.0,1.04,600.0
130,2023-03-12,3,1,2023,P010,Suit,2,Clothing,CUST130,Female,57.0,S001,Main Store Jakarta,Jakarta,Indonesia,1.0,500.0,500.0,1.13,500.0
131,2023-09-18,9,3,2023,P004,Skincare Set,1,Beauty,CUST131,Female,21.0,S002,Surabaya Outlet,Surabaya,Indonesia,3.0,300.0,600.0,0.2,600.0
132,2023-09-10,9,3,2023,P013,Smartwatch,3,Electronics,CUST132,Male,42.0,S002,Surabaya Outlet,Surabaya,Indonesia,4.0,50.0,200.0,17.93,200.0
133,2023-02-16,2,1,2023,P014,Laptop,3,Electronics,CUST133,Male,20.0,S001,Main Store Jakarta,Jakarta,Indonesia,3.0,300.0,900.0,2.09,900.0
134,2023-01-25,1,1,2023,P013,Smartwatch,3,Electronics,CUST134,Male,49.0,S002,Surabaya Outlet,Surabaya,Indonesia,1.0,50.0,50.0,2.14,50.0
135,2023-02-26,2,1,2023,P006,T-Shirt,2,Clothing,CUST135,Male,20.0,S001,Main Store Jakarta,Jakarta,Indonesia,2.0,25.0,50.0,10.03,50.0
136,2023-03-20,3,1,2023,P014,Laptop,3,Electronics,CUST136,Male,44.0,S004,Medan Branch,Medan,Indonesia,3.0,300.0,600.0,12.64,600.0
137,2023-11-18,11,4,2023,P005,Makeup Kit,1,Beauty,CUST137,Male,46.0,S004,Medan Branch,Medan,Indonesia,2.0,500.0,1000.0,19.83,1000.0
138,2023-03-23,3,1,2023,P008,Jacket,2,Clothing,CUST138,Male,49.0,S003,Bandung Store,Bandung,Indonesia,4.0,50.0,200.0,2.68,200.0
139,2023-12-15,12,4,2023,P005,Makeup Kit,1,Beauty,CUST139,Male,42.0,S004,Medan Branch,Medan,Indonesia,3.0,500.0,2000.0,12.54,2000.0
140,2023-08-05,8,3,2023,P012,Charger,3,Electronics,CUST140,Male,38.0,S004,Medan Branch,Medan,Indonesia,3.0,30.0,30.0,2.32,30.0
141,2023-11-02,11,4,2023,P013,Smartwatch,3,Electronics,CUST141,Female,22.0,S003,Bandung Store,Bandung,Indonesia,3.0,50.0,50.0,0.28,50.0
142,2023-02-02,2,1,2023,P014,Laptop,3,Electronics,CUST142,Male,35.0,S004,Medan Branch,Medan,Indonesia,4.0,300.0,1200.0,6.81,1200.0
143,2023-07-17,7,3,2023,P008,Jacket,2,Clothing,CUST143,Female,42.0,S003,Bandung Store,Bandung,Indonesia,1.0,50.0,50.0,8.25,50.0
144,2023-07-15,7,3,2023,P005,Makeup Kit,1,Beauty,CUST144,Female,59.0,S003,Bandung Store,Bandung,Indonesia,3.0,500.0,1500.0,9.89,1500.0
145,2023-11-02,11,4,2023,P006,T-Shirt,2,Clothing,CUST145,Female,39.0,S004,Medan Branch,Medan,Indonesia,3.0,25.0,75.0,4.43,75.0
146,2023-08-28,8,3,2023,P008,Jacket,2,Clothing,CUST146,Male,38.0,S003,Bandung Store,Bandung,Indonesia,3.0,50.0,200.0,13.13,200.0
147,2023-09-28,9,3,2023,P014,Laptop,3,Electronics,CUST147,Male,23.0,S001,Main Store Jakarta,Jakarta,Indonesia,1.0,300.0,300.0,19.43,300.0
148,2023-05-09,5,2,2023,P007,Jeans,2,Clothing,CUST148,Male,18.0,S005,Bali Shop,Bali,Indonesia,2.0,30.0,60.0,7.65,60.0
149,2023-10-11,10,4,2023,P006,T-Shirt,2,Clothing,CUST149,Male,22.0,S003,Bandung Store,Bandung,Indonesia,3.0,25.0,75.0,18.57,75.0
150,2023-01-06,1,1,2023,P012,Charger,3,Electronics,CUST150,Female,58.0,S003,Bandung Store,Bandung,Indonesia,4.0,30.0,120.0,12.64,120.0
151,2023-12-15,12,4,2023,P008,Jacket,2,Clothing,CUST151,Male,29.0,S004,Medan Branch,Medan,Indonesia,1.0,50.0,50.0,17.53,50.0
152,2023-02-28,2,1,2023,P015,Smartphone,3,Electronics,CUST152,Male,43.0,S001,Main Store Jakarta,Jakarta,Indonesia,4.0,500.0,2000.0,20.0,2000.0
153,2023-12-16,12,4,2023,P015,Smartphone,3,Electronics,CUST153,Male,63.0,S004,Medan Branch,Medan,Indonesia,2.0,500.0,1000.0,14.69,1000.0
154,2023-10-02,10,4,2023,P014,Laptop,3,Electronics,CUST154,Male,51.0,S002,Surabaya Outlet,Surabaya,Indonesia,3.0,300.0,900.0,13.26,900.0
155,2023-05-17,5,2,2023,P015,Smartphone,3,Electronics,CUST155,Male,31.0,S005,Bali Shop,Bali,Indonesia,3.0,500.0,2000.0,3.21,2000.0
156,2023-11-25,11,4,2023,P006,T-Shirt,2,Clothing,CUST156,Female,43.0,S005,Bali Shop,Bali,Indonesia,4.0,25.0,100.0,5.51,100.0
157,2023-06-24,6,2,2023,P015,Smartphone,3,Electronics,CUST157,Male,62.0,S003,Bandung Store,Bandung,Indonesia,3.0,500.0,2000.0,19.27,2000.0
158,2023-02-27,2,1,2023,P014,Laptop,3,Electronics,CUST158,Female,42.0,S005,Bali Shop,Bali,Indonesia,2.0,300.0,600.0,18.11,600.0
160,2023-08-11,8,3,2023,P008,Jacket,2,Clothing,CUST160,Female,43.0,S005,Bali Shop,Bali,Indonesia,3.0,50.0,100.0,5.69,100.0
161,2023-03-22,3,1,2023,P005,Makeup Kit,1,Beauty,CUST161,Male,64.0,S005,Bali Shop,Bali,Indonesia,2.0,500.0,1000.0,1.33,1000.0
162,2023-08-21,8,3,2023,P007,Jeans,2,Clothing,CUST162,Male,39.0,S002,Surabaya Outlet,Surabaya,Indonesia,2.0,30.0,60.0,2.98,60.0
163,2023-01-02,1,1,2023,P008,Jacket,2,Clothing,CUST163,Female,64.0,S001,Main Store Jakarta,Jakarta,Indonesia,3.0,50.0,150.0,8.21,150.0
164,2023-05-15,5,2,2023,P005,Makeup Kit,1,Beauty,CUST164,Female,47.0,S004,Medan Branch,Medan,Indonesia,3.0,500.0,1500.0,0.62,1500.0
165,2023-09-14,9,3,2023,P009,Dress,2,Clothing,CUST165,Female,60.0,S002,Surabaya Outlet,Surabaya,Indonesia,4.0,300.0,1200.0,16.55,1200.0
166,2023-04-02,4,2,2023,P010,Suit,2,Clothing,CUST166,Male,34.0,S005,Bali Shop,Bali,Indonesia,4.0,500.0,2000.0,11.82,2000.0
167,2023-09-17,9,3,2023,P008,Jacket,2,Clothing,CUST167,Female,43.0,S003,Bandung Store,Bandung,Indonesia,3.0,50.0,150.0,3.19,150.0
168,2023-02-24,2,1,2023,P009,Dress,2,Clothing,CUST168,Male,53.0,S004,Medan Branch,Medan,Indonesia,3.0,300.0,300.0,9.28,300.0
169,2023-11-17,11,4,2023,P005,Makeup Kit,1,Beauty,CUST169,Male,18.0,S001,Main Store Jakarta,Jakarta,Indonesia,3.0,500.0,1500.0,11.9,1500.0
170,2023-06-02,6,2,2023,P006,T-Shirt,2,Clothing,CUST170,Female,42.0,S005,Bali Shop,Bali,Indonesia,3.0,25.0,50.0,8.76,50.0
172,2023-09-17,9,3,2023,P001,Lipstick,1,Beauty,CUST172,Male,32.0,S003,Bandung Store,Bandung,Indonesia,2.0,25.0,50.0,8.31,50.0
173,2023-11-08,11,4,2023,P012,Charger,3,Electronics,CUST173,Male,64.0,S001,Main Store Jakarta,Jakarta,Indonesia,3.0,30.0,120.0,3.19,120.0
174,2023-04-12,4,2,2023,P004,Skincare Set,1,Beauty,CUST174,Female,39.0,S001,Main Store Jakarta,Jakarta,Indonesia,1.0,300.0,300.0,6.58,300.0
175,2023-03-20,3,1,2023,P011,Headphones,3,Electronics,CUST175,Female,31.0,S005,Bali Shop,Bali,Indonesia,4.0,25.0,100.0,19.12,100.0
176,2023-07-11,7,3,2023,P003,Perfume,1,Beauty,CUST176,Female,43.0,S004,Medan Branch,Medan,Indonesia,2.0,50.0,100.0,10.83,100.0
177,2023-03-24,3,1,2023,P003,Perfume,1,Beauty,CUST177,Male,45.0,S003,Bandung Store,Bandung,Indonesia,2.0,50.0,100.0,6.1,100.0
178,2023-10-04,10,4,2023,P007,Jeans,2,Clothing,CUST178,Male,40.0,S005,Bali Shop,Bali,Indonesia,2.0,30.0,60.0,16.53,60.0
179,2023-09-29,9,3,2023,P014,Laptop,3,Electronics,CUST179,Male,31.0,S001,Main Store Jakarta,Jakarta,Indonesia,1.0,300.0,300.0,15.31,300.0
180,2023-01-01,1,1,2023,P009,Dress,2,Clothing,CUST180,Male,41.0,S004,Medan Branch,Medan,Indonesia,3.0,300.0,900.0,10.06,900.0
181,2023-11-03,11,4,2023,P014,Laptop,3,Electronics,CUST181,Male,42.0,S001,Main Store Jakarta,Jakarta,Indonesia,3.0,300.0,1200.0,9.06,1200.0
182,2023-06-15,6,2,2023,P002,Face Cream,1,Beauty,CUST182,Male,62.0,S003,Bandung Store,Bandung,Indonesia,4.0,30.0,120.0,7.38,120.0
183,2023-09-08,9,3,2023,P004,Skincare Set,1,Beauty,CUST183,Female,43.0,S005,Bali Shop,Bali,Indonesia,3.0,300.0,900.0,19.01,900.0
184,2023-01-10,1,1,2023,P013,Smartwatch,3,Electronics,CUST184,Male,31.0,S005,Bali Shop,Bali,Indonesia,4.0,50.0,200.0,12.67,200.0
185,2023-02-27,2,1,2023,P006,T-Shirt,2,Clothing,CUST185,Male,24.0,S002,Surabaya Outlet,Surabaya,Indonesia,1.0,25.0,25.0,3.69,25.0
186,2023-07-05,7,3,2023,P008,Jacket,2,Clothing,CUST186,Male,20.0,S001,Main Store Jakarta,Jakarta,Indonesia,4.0,50.0,200.0,8.42,200.0
187,2023-06-07,6,2,2023,P008,Jacket,2,Clothing,CUST187,Female,64.0,S005,Bali Shop,Bali,Indonesia,2.0,50.0,100.0,13.19,100.0
188,2023-05-03,5,2,2023,P006,T-Shirt,2,Clothing,CUST188,Male,40.0,S001,Main Store Jakarta,Jakarta,Indonesia,3.0,25.0,75.0,0.76,75.0
189,2023-01-30,1,1,2023,P003,Perfume,1,Beauty,CUST189,Male,42.0,S005,Bali Shop,Bali,Indonesia,3.0,50.0,50.0,0.05,50.0
190,2023-05-04,5,2,2023,P002,Face Cream,1,Beauty,CUST190,Female,42.0,S001,Main Store Jakarta,Jakarta,Indonesia,3.0,30.0,90.0,7.33,90.0
192,2023-02-10,2,1,2023,P003,Perfume,1,Beauty,CUST192,Male,62.0,S003,Bandung Store,Bandung,Indonesia,2.0,50.0,100.0,15.49,100.0
193,2023-02-13,2,1,2023,P005,Makeup Kit,1,Beauty,CUST193,Male,35.0,S002,Surabaya Outlet,Surabaya,Indonesia,3.0,500.0,1500.0,13.83,1500.0
194,2023-09-06,9,3,2023,P008,Jacket,2,Clothing,CUST194,Male,55.0,S002,Surabaya Outlet,Surabaya,Indonesia,3.0,50.0,200.0,16.05,200.0
195,2023-02-05,2,1,2023,P007,Jeans,2,Clothing,CUST195,Male,52.0,S001,Main Store Jakarta,Jakarta,Indonesia,1.0,30.0,30.0,14.27,30.0
196,2023-09-30,9,3,2023,P009,Dress,2,Clothing,CUST196,Female,32.0,S003,Bandung Store,Bandung,Indonesia,3.0,300.0,900.0,19.22,900.0
197,2023-03-06,3,1,2023,P008,Jacket,2,Clothing,CUST197,Female,42.0,S001,Main Store Jakarta,Jakarta,Indonesia,4.0,50.0,200.0,8.29,200.0
199,2023-12-04,12,4,2023,P005,Makeup Kit,1,Beauty,CUST199,Male,42.0,S001,Main Store Jakarta,Jakarta,Indonesia,3.0,500.0,1500.0,12.32,1500.0
200,2023-09-01,9,3,2023,P003,Perfume,1,Beauty,CUST200,Male,27.0,S003,Bandung Store,Bandung,Indonesia,3.0,50.0,150.0,5.31,150.0
201,2023-10-09,10,4,2023,P011,Headphones,3,Electronics,CUST201,Male,56.0,S001,Main Store Jakarta,Jakarta,Indonesia,3.0,25.0,25.0,14.32,25.0
202,2023-03-26,3,1,2023,P009,Dress,2,Clothing,CUST202,Female,34.0,S004,Medan Branch,Medan,Indonesia,3.0,300.0,1200.0,3.27,1200.0
203,2023-05-16,5,2,2023,P010,Suit,2,Clothing,CUST203,Male,56.0,S005,Bali Shop,Bali,Indonesia,2.0,500.0,1000.0,8.87,1000.0
204,2023-09-28,9,3,2023,P001,Lipstick,1,Beauty,CUST204,Male,39.0,S002,Surabaya Outlet,Surabaya,Indonesia,1.0,25.0,25.0,8.54,25.0
205,2023-11-07,11,4,2023,P006,T-Shirt,2,Clothing,CUST205,Female,43.0,S005,Bali Shop,Bali,Indonesia,1.0,25.0,25.0,15.39,25.0
206,2023-08-05,8,3,2023,P006,T-Shirt,2,Clothing,CUST206,Male,61.0,S005,Bali Shop,Bali,Indonesia,3.0,25.0,25.0,10.03,25.0
207,2023-04-19,4,2,2023,P001,Lipstick,1,Beauty,CUST207,Female,42.0,S004,Medan Branch,Medan,Indonesia,2.0,25.0,50.0,5.63,50.0
208,2023-10-04,10,4,2023,P013,Smartwatch,3,Electronics,CUST208,Female,34.0,S002,Surabaya Outlet,Surabaya,Indonesia,4.0,50.0,200.0,17.1,200.0
209,2023-12-20,12,4,2023,P013,Smartwatch,3,Electronics,CUST209,Female,30.0,S004,Medan Branch,Medan,Indonesia,4.0,50.0,200.0,9.09,200.0
210,2023-04-13,4,2,2023,P013,Smartwatch,3,Electronics,CUST210,Male,37.0,S004,Medan Branch,Medan,Indonesia,4.0,50.0,200.0,18.34,200.0
211,2024-01-01,1,1,2024,P005,Makeup Kit,1,Beauty,CUST211,Male,42.0,S005,Bali Shop,Bali,Indonesia,3.0,500.0,1500.0,6.51,1500.0
212,2023-06-09,6,2,2023,P010,Suit,2,Clothing,CUST212,Male,21.0,S005,Bali Shop,Bali,Indonesia,3.0,500.0,1500.0,8.37,1500.0
214,2023-12-10,12,4,2023,P002,Face Cream,1,Beauty,CUST214,Male,20.0,S003,Bandung Store,Bandung,Indonesia,2.0,30.0,60.0,4.07,60.0
215,2023-11-29,11,4,2023,P010,Suit,2,Clothing,CUST215,Male,58.0,S002,Surabaya Outlet,Surabaya,Indonesia,3.0,500.0,1500.0,16.5,1500.0
216,2023-07-11,7,3,2023,P013,Smartwatch,3,Electronics,CUST216,Male,62.0,S003,Bandung Store,Bandung,Indonesia,2.0,50.0,100.0,17.29,100.0
217,2023-08-13,8,3,2023,P013,Smartwatch,3,Electronics,CUST217,Female,35.0,S003,Bandung Store,Bandung,Indonesia,4.0,50.0,200.0,8.67,200.0
218,2023-09-22,9,3,2023,P002,Face Cream,1,Beauty,CUST218,Male,64.0,S005,Bali Shop,Bali,Indonesia,3.0,30.0,90.0,11.06,90.0
219,2023-08-20,8,3,2023,P012,Charger,3,Electronics,CUST219,Female,53.0,S005,Bali Shop,Bali,Indonesia,3.0,30.0,90.0,8.11,90.0
220,2023-03-03,3,1,2023,P005,Makeup Kit,1,Beauty,CUST220,Male,64.0,S003,Bandung Store,Bandung,Indonesia,3.0,500.0,500.0,4.29,500.0
221,2023-05-07,5,2,2023,P004,Skincare Set,1,Beauty,CUST221,Male,39.0,S005,Bali Shop,Bali,Indonesia,3.0,300.0,600.0,19.03,600.0
222,2023-04-26,4,2,2023,P007,Jeans,2,Clothing,CUST222,Male,51.0,S002,Surabaya Outlet,Surabaya,Indonesia,4.0,30.0,120.0,1.11,120.0
223,2023-02-02,2,1,2023,P006,T-Shirt,2,Clothing,CUST223,Female,64.0,S001,Main Store Jakarta,Jakarta,Indonesia,1.0,25.0,25.0,15.26,25.0
224,2023-06-23,6,2,2023,P008,Jacket,2,Clothing,CUST224,Female,25.0,S002,Surabaya Outlet,Surabaya,Indonesia,1.0,50.0,50.0,12.81,50.0
225,2023-01-11,1,1,2023,P001,Lipstick,1,Beauty,CUST225,Female,57.0,S003,Bandung Store,Bandung,Indonesia,4.0,25.0,100.0,3.94,100.0
226,2023-10-29,10,4,2023,P008,Jacket,2,Clothing,CUST226,Female,61.0,S001,Main Store Jakarta,Jakarta,Indonesia,1.0,50.0,50.0,18.41,50.0
227,2023-10-11,10,4,2023,P013,Smartwatch,3,Electronics,CUST227,Male,36.0,S002,Surabaya Outlet,Surabaya,Indonesia,3.0,50.0,100.0,16.35,100.0
228,2023-04-28,4,2,2023,P012,Charger,3,Electronics,CUST228,Female,59.0,S005,Bali Shop,Bali,Indonesia,3.0,30.0,60.0,13.87,60.0
230,2023-04-23,4,2,2023,P001,Lipstick,1,Beauty,CUST230,Male,54.0,S001,Main Store Jakarta,Jakarta,Indonesia,1.0,25.0,25.0,9.31,25.0
231,2023-01-04,1,1,2023,P008,Jacket,2,Clothing,CUST231,Female,23.0,S001,Main Store Jakarta,Jakarta,Indonesia,3.0,50.0,150.0,7.25,150.0
232,2023-02-06,2,1,2023,P001,Lipstick,1,Beauty,CUST232,Female,42.0,S004,Medan Branch,Medan,Indonesia,3.0,25.0,25.0,8.82,25.0
233,2023-12-29,12,4,2023,P004,Skincare Set,1,Beauty,CUST233,Female,42.0,S003,Bandung Store,Bandung,Indonesia,2.0,300.0,600.0,15.1,600.0
234,2023-11-20,11,4,2023,P011,Headphones,3,Electronics,CUST234,Female,42.0,S001,Main Store Jakarta,Jakarta,Indonesia,2.0,25.0,50.0,15.53,50.0
235,2023-01-31,1,1,2023,P015,Smartphone,3,Electronics,CUST235,Female,23.0,S004,Medan Branch,Medan,Indonesia,3.0,500.0,1000.0,9.82,1000.0
236,2023-04-28,4,2,2023,P006,T-Shirt,2,Clothing,CUST236,Female,54.0,S003,Bandung Store,Bandung,Indonesia,1.0,25.0,25.0,7.39,25.0
238,2023-01-17,1,1,2023,P005,Makeup Kit,1,Beauty,CUST238,Female,39.0,S001,Main Store Jakarta,Jakarta,Indonesia,3.0,500.0,500.0,12.0,500.0
239,2023-06-19,6,2,2023,P015,Smartphone,3,Electronics,CUST239,Male,38.0,S005,Bali Shop,Bali,Indonesia,3.0,500.0,1500.0,6.07,1500.0
240,2023-02-06,2,1,2023,P004,Skincare Set,1,Beauty,CUST240,Female,42.0,S005,Bali Shop,Bali,Indonesia,1.0,300.0,300.0,12.86,300.0
242,2023-05-02,5,2,2023,P006,T-Shirt,2,Clothing,CUST242,Male,21.0,S005,Bali Shop,Bali,Indonesia,1.0,25.0,25.0,5.08,25.0
243,2023-05-23,5,2,2023,P014,Laptop,3,Electronics,CUST243,Female,47.0,S004,Medan Branch,Medan,Indonesia,3.0,300.0,900.0,19.77,900.0
244,2023-12-09,12,4,2023,P003,Perfume,1,Beauty,CUST244,Male,28.0,S005,Bali Shop,Bali,Indonesia,3.0,50.0,100.0,15.6,100.0
245,2023-09-06,9,3,2023,P007,Jeans,2,Clothing,CUST245,Male,47.0,S002,Surabaya Outlet,Surabaya,Indonesia,3.0,30.0,90.0,1.35,90.0
247,2023-10-04,10,4,2023,P012,Charger,3,Electronics,CUST247,Male,41.0,S005,Bali Shop,Bali,Indonesia,3.0,30.0,60.0,19.76,60.0
248,2023-03-09,3,1,2023,P009,Dress,2,Clothing,CUST248,Male,26.0,S004,Medan Branch,Medan,Indonesia,3.0,300.0,900.0,18.86,900.0
249,2023-10-20,10,4,2023,P008,Jacket,2,Clothing,CUST249,Male,20.0,S002,Surabaya Outlet,Surabaya,Indonesia,3.0,50.0,50.0,14.22,50.0
250,2023-10-23,10,4,2023,P013,Smartwatch,3,Electronics,CUST250,Male,48.0,S001,Main Store Jakarta,Jakarta,Indonesia,1.0,50.0,50.0,7.16,50.0
251,2023-08-31,8,3,2023,P003,Perfume,1,Beauty,CUST251,Female,57.0,S003,Bandung Store,Bandung,Indonesia,4.0,50.0,200.0,6.72,200.0
252,2023-05-05,5,2,2023,P014,Laptop,3,Electronics,CUST252,Male,54.0,S005,Bali Shop,Bali,Indonesia,1.0,300.0,300.0,14.31,300.0
253,2023-08-31,8,3,2023,P010,Suit,2,Clothing,CUST253,Female,53.0,S003,Bandung Store,Bandung,Indonesia,4.0,500.0,2000.0,0.62,2000.0
254,2023-07-28,7,3,2023,P015,Smartphone,3,Electronics,CUST254,Male,41.0,S003,Bandung Store,Bandung,Indonesia,1.0,500.0,500.0,7.63,500.0
255,2023-04-08,4,2,2023,P007,Jeans,2,Clothing,CUST255,Male,48.0,S004,Medan Branch,Medan,Indonesia,3.0,30.0,30.0,14.31,30.0
256,2023-02-18,2,1,2023,P010,Suit,2,Clothing,CUST256,Male,23.0,S004,Medan Branch,Medan,Indonesia,2.0,500.0,1000.0,6.4,1000.0
257,2023-02-19,2,1,2023,P005,Makeup Kit,1,Beauty,CUST257,Male,19.0,S002,Surabaya Outlet,Surabaya,Indonesia,3.0,500.0,2000.0,14.56,2000.0
258,2023-12-04,12,4,2023,P008,Jacket,2,Clothing,CUST258,Female,37.0,S002,Surabaya Outlet,Surabaya,Indonesia,1.0,50.0,50.0,9.73,50.0
259,2023-08-09,8,3,2023,P008,Jacket,2,Clothing,CUST259,Female,45.0,S003,Bandung Store,Bandung,Indonesia,4.0,50.0,200.0,17.9,200.0
260,2023-07-01,7,3,2023,P002,Face Cream,1,Beauty,CUST260,Male,28.0,S005,Bali Shop,Bali,Indonesia,3.0,30.0,60.0,12.79,60.0
261,2023-08-05,8,3,2023,P006,T-Shirt,2,Clothing,CUST261,Male,21.0,S004,Medan Branch,Medan,Indonesia,2.0,25.0,50.0,3.4,50.0
262,2023-07-30,7,3,2023,P002,Face Cream,1,Beauty,CUST262,Female,32.0,S005,Bali Shop,Bali,Indonesia,3.0,30.0,120.0,8.45,120.0
263,2023-08-28,8,3,2023,P002,Face Cream,1,Beauty,CUST263,Male,23.0,S002,Surabaya Outlet,Surabaya,Indonesia,2.0,30.0,60.0,3.74,60.0
264,2023-01-28,1,1,2023,P009,Dress,2,Clothing,CUST264,Male,47.0,S003,Bandung Store,Bandung,Indonesia,3.0,300.0,900.0,9.28,900.0
265,2023-12-11,12,4,2023,P009,Dress,2,Clothing,CUST265,Male,55.0,S001,Main Store Jakarta,Jakarta,Indonesia,3.0,300.0,900.0,5.32,900.0
266,2023-12-01,12,4,2023,P012,Charger,3,Electronics,CUST266,Female,19.0,S004,Medan Branch,Medan,Indonesia,2.0,30.0,60.0,0.0,60.0
267,2023-11-27,11,4,2023,P002,Face Cream,1,Beauty,CUST267,Female,32.0,S005,Bali Shop,Bali,Indonesia,3.0,30.0,90.0,7.77,90.0
268,2023-02-20,2,1,2023,P012,Charger,3,Electronics,CUST268,Female,28.0,S002,Surabaya Outlet,Surabaya,Indonesia,1.0,30.0,30.0,1.56,30.0
269,2023-02-01,2,1,2023,P010,Suit,2,Clothing,CUST269,Male,25.0,S003,Bandung Store,Bandung,Indonesia,3.0,500.0,2000.0,11.07,2000.0
270,2023-07-26,7,3,2023,P014,Laptop,3,Electronics,CUST270,Male,43.0,S004,Medan Branch,Medan,Indonesia,3.0,300.0,300.0,17.92,300.0
271,2023-06-23,6,2,2023,P002,Face Cream,1,Beauty,CUST271,Female,62.0,S003,Bandung Store,Bandung,Indonesia,4.0,30.0,120.0,16.7,120.0
272,2023-02-25,2,1,2023,P013,Smartwatch,3,Electronics,CUST272,Female,61.0,S001,Main Store Jakarta,Jakarta,Indonesia,3.0,50.0,100.0,1.26,100.0
273,2023-05-08,5,2,2023,P003,Perfume,1,Beauty,CUST273,Female,22.0,S005,Bali Shop,Bali,Indonesia,1.0,50.0,50.0,1.75,50.0
274,2023-04-09,4,2,2023,P010,Suit,2,Clothing,CUST274,Female,23.0,S003,Bandung Store,Bandung,Indonesia,3.0,500.0,1000.0,5.02,1000.0
275,2023-04-08,4,2,2023,P010,Suit,2,Clothing,CUST275,Male,43.0,S004,Medan Branch,Medan,Indonesia,3.0,500.0,1000.0,4.12,1000.0
276,2023-10-02,10,4,2023,P001,Lipstick,1,Beauty,CUST276,Female,21.0,S002,Surabaya Outlet,Surabaya,Indonesia,4.0,25.0,100.0,2.29,100.0
277,2023-08-18,8,3,2023,P006,T-Shirt,2,Clothing,CUST277,Male,36.0,S003,Bandung Store,Bandung,Indonesia,4.0,25.0,100.0,8.34,100.0
278,2023-03-13,3,1,2023,P006,T-Shirt,2,Clothing,CUST278,Female,37.0,S002,Surabaya Outlet,Surabaya,Indonesia,4.0,25.0,100.0,11.23,100.0
279,2023-08-05,8,3,2023,P010,Suit,2,Clothing,CUST279,Male,50.0,S003,Bandung Store,Bandung,Indonesia,1.0,500.0,500.0,9.48,500.0
280,2023-04-04,4,2,2023,P010,Suit,2,Clothing,CUST280,Female,37.0,S003,Bandung Store,Bandung,Indonesia,3.0,500.0,1500.0,16.67,1500.0
281,2023-05-23,5,2,2023,P005,Makeup Kit,1,Beauty,CUST281,Female,29.0,S005,Bali Shop,Bali,Indonesia,3.0,500.0,2000.0,7.98,2000.0
282,2023-08-25,8,3,2023,P013,Smartwatch,3,Electronics,CUST282,Female,64.0,S001,Main Store Jakarta,Jakarta,Indonesia,3.0,50.0,200.0,17.88,200.0
283,2023-05-08,5,2,2023,P015,Smartphone,3,Electronics,CUST283,Female,18.0,S003,Bandung Store,Bandung,Indonesia,1.0,500.0,500.0,3.15,500.0
284,2023-02-08,2,1,2023,P008,Jacket,2,Clothing,CUST284,Male,43.0,S004,Medan Branch,Medan,Indonesia,3.0,50.0,200.0,12.49,200.0
285,2023-08-15,8,3,2023,P011,Headphones,3,Electronics,CUST285,Female,31.0,S005,Bali Shop,Bali,Indonesia,3.0,25.0,25.0,1.47,25.0
286,2023-10-09,10,4,2023,P011,Headphones,3,Electronics,CUST286,Male,55.0,S005,Bali Shop,Bali,Indonesia,2.0,25.0,50.0,17.28,50.0
287,2023-02-20,2,1,2023,P006,T-Shirt,2,Clothing,CUST287,Male,54.0,S004,Medan Branch,Medan,Indonesia,4.0,25.0,100.0,19.15,100.0
289,2023-11-30,11,4,2023,P012,Charger,3,Electronics,CUST289,Male,53.0,S002,Surabaya Outlet,Surabaya,Indonesia,2.0,30.0,60.0,1.95,60.0
290,2023-10-04,10,4,2023,P004,Skincare Set,1,Beauty,CUST290,Female,30.0,S001,Main Store Jakarta,Jakarta,Indonesia,2.0,300.0,600.0,1.04,600.0
292,2023-02-17,2,1,2023,P004,Skincare Set,1,Beauty,CUST292,Male,20.0,S004,Medan Branch,Medan,Indonesia,4.0,300.0,1200.0,4.54,1200.0
293,2023-05-02,5,2,2023,P012,Charger,3,Electronics,CUST293,Male,50.0,S005,Bali Shop,Bali,Indonesia,3.0,30.0,90.0,17.15,90.0
294,2023-03-27,3,1,2023,P007,Jeans,2,Clothing,CUST294,Female,23.0,S001,Main Store Jakarta,Jakarta,Indonesia,3.0,30.0,90.0,16.94,90.0
295,2023-07-28,7,3,2023,P004,Skincare Set,1,Beauty,CUST295,Female,27.0,S001,Main Store Jakarta,Jakarta,Indonesia,3.0,300.0,900.0,12.305,900.0
296,2023-09-06,9,3,2023,P009,Dress,2,Clothing,CUST296,Female,22.0,S005,Bali Shop,Bali,Indonesia,4.0,300.0,1200.0,2.74,1200.0
297,2023-09-04,9,3,2023,P015,Smartphone,3,Electronics,CUST297,Female,40.0,S001,Main Store Jakarta,Jakarta,Indonesia,3.0,500.0,1000.0,1.95,1000.0
298,2023-04-20,4,2,2023,P004,Skincare Set,1,Beauty,CUST298,Male,27.0,S003,Bandung Store,Bandung,Indonesia,4.0,300.0,1200.0,11.94,1200.0
299,2023-07-25,7,3,2023,P015,Smartphone,3,Electronics,CUST299,Male,61.0,S004,Medan Branch,Medan,Indonesia,2.0,500.0,1000.0,12.01,1000.0
300,2023-01-31,1,1,2023,P013,Smartwatch,3,Electronics,CUST300,Female,19.0,S002,Surabaya Outlet,Surabaya,Indonesia,3.0,50.0,200.0,5.05,200.0
301,2023-03-26,3,1,2023,P007,Jeans,2,Clothing,CUST301,Male,30.0,S003,Bandung Store,Bandung,Indonesia,4.0,30.0,120.0,2.73,120.0
302,2023-07-14,7,3,2023,P004,Skincare Set,1,Beauty,CUST302,Male,57.0,S003,Bandung Store,Bandung,Indonesia,2.0,300.0,600.0,12.305,600.0
303,2023-01-02,1,1,2023,P012,Charger,3,Electronics,CUST303,Male,19.0,S004,Medan Branch,Medan,Indonesia,3.0,30.0,90.0,1.68,90.0
304,2023-07-19,7,3,2023,P012,Charger,3,Electronics,CUST304,Female,37.0,S001,Main Store Jakarta,Jakarta,Indonesia,2.0,30.0,60.0,6.37,60.0
305,2023-05-16,5,2,2023,P002,Face Cream,1,Beauty,CUST305,Female,18.0,S002,Surabaya Outlet,Surabaya,Indonesia,1.0,30.0,30.0,14.51,30.0
306,2023-08-21,8,3,2023,P013,Smartwatch,3,Electronics,CUST306,Male,54.0,S001,Main Store Jakarta,Jakarta,Indonesia,3.0,50.0,50.0,15.7,50.0
307,2023-05-27,5,2,2023,P011,Headphones,3,Electronics,CUST307,Female,26.0,S004,Medan Branch,Medan,Indonesia,2.0,25.0,50.0,15.66,50.0
308,2023-08-05,8,3,2023,P004,Skincare Set,1,Beauty,CUST308,Female,34.0,S003,Bandung Store,Bandung,Indonesia,4.0,300.0,1200.0,13.59,1200.0
309,2023-12-23,12,4,2023,P001,Lipstick,1,Beauty,CUST309,Female,26.0,S002,Surabaya Outlet,Surabaya,Indonesia,1.0,25.0,25.0,0.64,25.0
310,2023-10-12,10,4,2023,P001,Lipstick,1,Beauty,CUST310,Female,28.0,S005,Bali Shop,Bali,Indonesia,3.0,25.0,25.0,1.13,25.0
311,2023-12-05,12,4,2023,P001,Lipstick,1,Beauty,CUST311,Female,32.0,S002,Surabaya Outlet,Surabaya,Indonesia,4.0,25.0,100.0,8.31,100.0
312,2023-09-07,9,3,2023,P007,Jeans,2,Clothing,CUST312,Male,41.0,S001,Main Store Jakarta,Jakarta,Indonesia,3.0,30.0,120.0,13.08,120.0
313,2023-03-21,3,1,2023,P005,Makeup Kit,1,Beauty,CUST313,Female,55.0,S005,Bali Shop,Bali,Indonesia,3.0,500.0,1500.0,2.56,1500.0
314,2023-04-08,4,2,2023,P007,Jeans,2,Clothing,CUST314,Male,52.0,S001,Main Store Jakarta,Jakarta,Indonesia,4.0,30.0,120.0,8.67,120.0
315,2023-06-01,6,2,2023,P007,Jeans,2,Clothing,CUST315,Male,47.0,S003,Bandung Store,Bandung,Indonesia,3.0,30.0,60.0,5.47,60.0
316,2023-04-22,4,2,2023,P006,T-Shirt,2,Clothing,CUST316,Female,48.0,S001,Main Store Jakarta,Jakarta,Indonesia,2.0,25.0,50.0,4.25,50.0
317,2023-01-30,1,1,2023,P012,Charger,3,Electronics,CUST317,Male,22.0,S003,Bandung Store,Bandung,Indonesia,3.0,30.0,90.0,9.89,90.0
319,2023-10-05,10,4,2023,P010,Suit,2,Clothing,CUST319,Male,31.0,S001,Main Store Jakarta,Jakarta,Indonesia,1.0,500.0,500.0,11.12,500.0
320,2023-02-01,2,1,2023,P014,Laptop,3,Electronics,CUST320,Female,28.0,S002,Surabaya Outlet,Surabaya,Indonesia,4.0,300.0,1200.0,1.47,1200.0
321,2023-06-10,6,2,2023,P011,Headphones,3,Electronics,CUST321,Female,26.0,S005,Bali Shop,Bali,Indonesia,3.0,25.0,50.0,9.64,50.0
322,2023-01-30,1,1,2023,P015,Smartphone,3,Electronics,CUST322,Male,51.0,S002,Surabaya Outlet,Surabaya,Indonesia,1.0,500.0,500.0,17.01,500.0
323,2023-01-26,1,1,2023,P004,Skincare Set,1,Beauty,CUST323,Female,29.0,S004,Medan Branch,Medan,Indonesia,3.0,300.0,900.0,19.76,900.0
324,2023-10-27,10,4,2023,P013,Smartwatch,3,Electronics,CUST324,Female,52.0,S003,Bandung Store,Bandung,Indonesia,3.0,50.0,150.0,5.16,150.0
325,2023-09-02,9,3,2023,P011,Headphones,3,Electronics,CUST325,Female,52.0,S005,Bali Shop,Bali,Indonesia,2.0,25.0,50.0,10.49,50.0
326,2023-09-15,9,3,2023,P006,T-Shirt,2,Clothing,CUST326,Female,18.0,S002,Surabaya Outlet,Surabaya,Indonesia,3.0,25.0,75.0,17.64,75.0
328,2023-03-22,3,1,2023,P003,Perfume,1,Beauty,CUST328,Male,39.0,S002,Surabaya Outlet,Surabaya,Indonesia,3.0,50.0,100.0,4.95,100.0
329,2023-01-30,1,1,2023,P011,Headphones,3,Electronics,CUST329,Female,46.0,S001,Main Store Jakarta,Jakarta,Indonesia,4.0,25.0,100.0,10.38,100.0
330,2023-09-18,9,3,2023,P003,Perfume,1,Beauty,CUST330,Female,25.0,S002,Surabaya Outlet,Surabaya,Indonesia,3.0,50.0,200.0,1.07,200.0
331,2023-02-11,2,1,2023,P012,Charger,3,Electronics,CUST331,Male,28.0,S003,Bandung Store,Bandung,Indonesia,3.0,30.0,90.0,8.56,90.0
332,2023-04-06,4,2,2023,P014,Laptop,3,Electronics,CUST332,Male,58.0,S005,Bali Shop,Bali,Indonesia,3.0,300.0,1200.0,5.25,1200.0
333,2023-02-05,2,1,2023,P014,Laptop,3,Electronics,CUST333,Female,54.0,S005,Bali Shop,Bali,Indonesia,4.0,300.0,1200.0,19.23,1200.0
334,2023-11-01,11,4,2023,P014,Laptop,3,Electronics,CUST334,Male,31.0,S005,Bali Shop,Bali,Indonesia,3.0,300.0,900.0,4.22,900.0
335,2023-02-04,2,1,2023,P002,Face Cream,1,Beauty,CUST335,Female,47.0,S002,Surabaya Outlet,Surabaya,Indonesia,3.0,30.0,120.0,0.78,120.0
336,2023-12-12,12,4,2023,P003,Perfume,1,Beauty,CUST336,Female,52.0,S003,Bandung Store,Bandung,Indonesia,3.0,50.0,150.0,2.25,150.0
337,2023-05-01,5,2,2023,P010,Suit,2,Clothing,CUST337,Male,38.0,S003,Bandung Store,Bandung,Indonesia,1.0,500.0,500.0,7.5,500.0
338,2023-07-26,7,3,2023,P003,Perfume,1,Beauty,CUST338,Male,54.0,S002,Surabaya Outlet,Surabaya,Indonesia,2.0,50.0,100.0,8.69,100.0
339,2023-03-03,3,1,2023,P011,Headphones,3,Electronics,CUST339,Female,22.0,S003,Bandung Store,Bandung,Indonesia,3.0,25.0,50.0,19.75,50.0
340,2023-10-19,10,4,2023,P009,Dress,2,Clothing,CUST340,Female,36.0,S001,Main Store Jakarta,Jakarta,Indonesia,3.0,300.0,1200.0,18.73,1200.0
341,2023-05-07,5,2,2023,P008,Jacket,2,Clothing,CUST341,Male,31.0,S005,Bali Shop,Bali,Indonesia,3.0,50.0,200.0,16.33,200.0
342,2023-10-24,10,4,2023,P010,Suit,2,Clothing,CUST342,Female,43.0,S001,Main Store Jakarta,Jakarta,Indonesia,4.0,500.0,2000.0,17.11,2000.0
343,2023-11-01,11,4,2023,P011,Headphones,3,Electronics,CUST343,Male,21.0,S001,Main Store Jakarta,Jakarta,Indonesia,3.0,25.0,50.0,15.75,50.0
344,2023-01-21,1,1,2023,P002,Face Cream,1,Beauty,CUST344,Female,42.0,S003,Bandung Store,Bandung,Indonesia,1.0,30.0,30.0,15.96,30.0
345,2023-11-14,11,4,2023,P012,Charger,3,Electronics,CUST345,Male,62.0,S002,Surabaya Outlet,Surabaya,Indonesia,1.0,30.0,30.0,4.7,30.0
347,2023-08-03,8,3,2023,P011,Headphones,3,Electronics,CUST347,Male,42.0,S005,Bali Shop,Bali,Indonesia,1.0,25.0,25.0,13.76,25.0
348,2023-12-03,12,4,2023,P014,Laptop,3,Electronics,CUST348,Female,35.0,S003,Bandung Store,Bandung,Indonesia,3.0,300.0,600.0,3.05,600.0
349,2023-10-26,10,4,2023,P003,Perfume,1,Beauty,CUST349,Female,57.0,S003,Bandung Store,Bandung,Indonesia,1.0,50.0,50.0,14.57,50.0
350,2023-10-17,10,4,2023,P001,Lipstick,1,Beauty,CUST350,Male,25.0,S004,Medan Branch,Medan,Indonesia,3.0,25.0,75.0,2.77,75.0
351,2023-09-25,9,3,2023,P007,Jeans,2,Clothing,CUST351,Female,56.0,S002,Surabaya Outlet,Surabaya,Indonesia,3.0,30.0,90.0,11.42,90.0
352,2023-06-11,6,2,2023,P015,Smartphone,3,Electronics,CUST352,Male,57.0,S003,Bandung Store,Bandung,Indonesia,2.0,500.0,1000.0,12.17,1000.0
353,2023-05-14,5,2,2023,P015,Smartphone,3,Electronics,CUST353,Male,31.0,S001,Main Store Jakarta,Jakarta,Indonesia,1.0,500.0,500.0,9.98,500.0
354,2023-04-15,4,2,2023,P003,Perfume,1,Beauty,CUST354,Female,49.0,S005,Bali Shop,Bali,Indonesia,4.0,50.0,200.0,4.9,200.0
355,2023-12-09,12,4,2023,P015,Smartphone,3,Electronics,CUST355,Female,55.0,S004,Medan Branch,Medan,Indonesia,3.0,500.0,500.0,0.98,500.0
357,2023-05-03,5,2,2023,P011,Headphones,3,Electronics,CUST357,Female,40.0,S001,Main Store Jakarta,Jakarta,Indonesia,3.0,25.0,75.0,8.34,75.0
358,2023-05-16,5,2,2023,P004,Skincare Set,1,Beauty,CUST358,Female,32.0,S001,Main Store Jakarta,Jakarta,Indonesia,3.0,300.0,300.0,8.6,300.0
359,2023-07-22,7,3,2023,P008,Jacket,2,Clothing,CUST359,Male,50.0,S005,Bali Shop,Bali,Indonesia,1.0,50.0,50.0,17.62,50.0
360,2023-03-09,3,1,2023,P006,T-Shirt,2,Clothing,CUST360,Male,42.0,S001,Main Store Jakarta,Jakarta,Indonesia,4.0,25.0,100.0,0.39,100.0
361,2023-12-10,12,4,2023,P014,Laptop,3,Electronics,CUST361,Female,34.0,S002,Surabaya Outlet,Surabaya,Indonesia,4.0,300.0,1200.0,5.35,1200.0
362,2023-11-27,11,4,2023,P006,T-Shirt,2,Clothing,CUST362,Male,50.0,S005,Bali Shop,Bali,Indonesia,1.0,25.0,25.0,10.47,25.0
363,2023-06-03,6,2,2023,P001,Lipstick,1,Beauty,CUST363,Male,42.0,S005,Bali Shop,Bali,Indonesia,1.0,25.0,25.0,1.55,25.0
365,2023-06-11,6,2,2023,P009,Dress,2,Clothing,CUST365,Male,31.0,S004,Medan Branch,Medan,Indonesia,1.0,300.0,300.0,16.72,300.0
366,2023-02-07,2,1,2023,P008,Jacket,2,Clothing,CUST366,Male,57.0,S003,Bandung Store,Bandung,Indonesia,2.0,50.0,100.0,19.45,100.0
367,2023-01-05,1,1,2023,P013,Smartwatch,3,Electronics,CUST367,Female,57.0,S004,Medan Branch,Medan,Indonesia,3.0,50.0,50.0,6.62,50.0
368,2023-08-23,8,3,2023,P009,Dress,2,Clothing,CUST368,Female,56.0,S001,Main Store Jakarta,Jakarta,Indonesia,4.0,300.0,1200.0,18.29,1200.0
369,2023-11-15,11,4,2023,P015,Smartphone,3,Electronics,CUST369,Male,23.0,S003,Bandung Store,Bandung,Indonesia,3.0,500.0,1500.0,8.74,1500.0
371,2023-02-21,2,1,2023,P001,Lipstick,1,Beauty,CUST371,Female,20.0,S002,Surabaya Outlet,Surabaya,Indonesia,1.0,25.0,25.0,2.1,25.0
372,2023-02-07,2,1,2023,P005,Makeup Kit,1,Beauty,CUST372,Female,24.0,S003,Bandung Store,Bandung,Indonesia,3.0,500.0,1500.0,16.77,1500.0
373,2023-10-03,10,4,2023,P004,Skincare Set,1,Beauty,CUST373,Female,25.0,S005,Bali Shop,Bali,Indonesia,2.0,300.0,600.0,11.52,600.0
374,2023-04-20,4,2,2023,P001,Lipstick,1,Beauty,CUST374,Female,59.0,S003,Bandung Store,Bandung,Indonesia,3.0,25.0,75.0,19.23,75.0
375,2023-09-17,9,3,2023,P008,Jacket,2,Clothing,CUST375,Male,32.0,S004,Medan Branch,Medan,Indonesia,1.0,50.0,50.0,13.73,50.0
376,2023-05-16,5,2,2023,P002,Face Cream,1,Beauty,CUST376,Female,64.0,S002,Surabaya Outlet,Surabaya,Indonesia,3.0,30.0,30.0,15.03,30.0
377,2023-03-09,3,1,2023,P008,Jacket,2,Clothing,CUST377,Female,46.0,S003,Bandung Store,Bandung,Indonesia,4.0,50.0,200.0,1.24,200.0
378,2023-06-28,6,2,2023,P004,Skincare Set,1,Beauty,CUST378,Male,50.0,S002,Surabaya Outlet,Surabaya,Indonesia,1.0,300.0,300.0,2.06,300.0
379,2023-02-05,2,1,2023,P006,T-Shirt,2,Clothing,CUST379,Female,47.0,S001,Main Store Jakarta,Jakarta,Indonesia,1.0,25.0,25.0,9.86,25.0
380,2023-05-06,5,2,2023,P014,Laptop,3,Electronics,CUST380,Male,56.0,S003,Bandung Store,Bandung,Indonesia,2.0,300.0,600.0,1.09,600.0
381,2023-07-09,7,3,2023,P006,T-Shirt,2,Clothing,CUST381,Female,44.0,S003,Bandung Store,Bandung,Indonesia,4.0,25.0,100.0,2.6,100.0
382,2023-05-26,5,2,2023,P010,Suit,2,Clothing,CUST382,Female,53.0,S003,Bandung Store,Bandung,Indonesia,2.0,500.0,1000.0,2.25,1000.0
383,2023-03-22,3,1,2023,P002,Face Cream,1,Beauty,CUST383,Female,46.0,S001,Main Store Jakarta,Jakarta,Indonesia,3.0,30.0,90.0,9.85,90.0
385,2023-10-06,10,4,2023,P015,Smartphone,3,Electronics,CUST385,Male,50.0,S005,Bali Shop,Bali,Indonesia,3.0,500.0,1500.0,10.52,1500.0
386,2023-12-27,12,4,2023,P014,Laptop,3,Electronics,CUST386,Female,54.0,S005,Bali Shop,Bali,Indonesia,2.0,300.0,600.0,13.63,600.0
387,2023-06-04,6,2,2023,P002,Face Cream,1,Beauty,CUST387,Male,44.0,S003,Bandung Store,Bandung,Indonesia,1.0,30.0,30.0,12.21,30.0
388,2023-11-10,11,4,2023,P011,Headphones,3,Electronics,CUST388,Male,50.0,S001,Main Store Jakarta,Jakarta,Indonesia,1.0,25.0,25.0,16.48,25.0
389,2023-12-01,12,4,2023,P006,T-Shirt,2,Clothing,CUST389,Male,42.0,S001,Main Store Jakarta,Jakarta,Indonesia,2.0,25.0,50.0,1.34,50.0
390,2023-09-28,9,3,2023,P013,Smartwatch,3,Electronics,CUST390,Male,39.0,S003,Bandung Store,Bandung,Indonesia,3.0,50.0,100.0,17.12,100.0
391,2023-01-05,1,1,2023,P001,Lipstick,1,Beauty,CUST391,Male,19.0,S003,Bandung Store,Bandung,Indonesia,2.0,25.0,50.0,16.39,50.0
392,2023-12-08,12,4,2023,P009,Dress,2,Clothing,CUST392,Male,27.0,S004,Medan Branch,Medan,Indonesia,3.0,300.0,600.0,19.49,600.0
393,2023-10-11,10,4,2023,P005,Makeup Kit,1,Beauty,CUST393,Female,22.0,S003,Bandung Store,Bandung,Indonesia,2.0,500.0,1000.0,11.665,1000.0
394,2023-06-03,6,2,2023,P010,Suit,2,Clothing,CUST394,Female,27.0,S003,Bandung Store,Bandung,Indonesia,3.0,500.0,500.0,10.34,500.0
395,2023-12-06,12,4,2023,P015,Smartphone,3,Electronics,CUST395,Male,50.0,S001,Main Store Jakarta,Jakarta,Indonesia,2.0,500.0,1000.0,4.8,1000.0
396,2023-02-23,2,1,2023,P002,Face Cream,1,Beauty,CUST396,Female,55.0,S003,Bandung Store,Bandung,Indonesia,1.0,30.0,30.0,19.75,30.0
397,2023-03-10,3,1,2023,P001,Lipstick,1,Beauty,CUST397,Female,30.0,S001,Main Store Jakarta,Jakarta,Indonesia,3.0,25.0,25.0,17.65,25.0
398,2023-05-16,5,2,2023,P009,Dress,2,Clothing,CUST398,Female,48.0,S001,Main Store Jakarta,Jakarta,Indonesia,2.0,300.0,600.0,9.28,600.0
399,2023-03-01,3,1,2023,P002,Face Cream,1,Beauty,CUST399,Female,64.0,S003,Bandung Store,Bandung,Indonesia,3.0,30.0,60.0,18.32,60.0
400,2023-02-24,2,1,2023,P008,Jacket,2,Clothing,CUST400,Male,53.0,S002,Surabaya Outlet,Surabaya,Indonesia,4.0,50.0,200.0,9.73,200.0
401,2023-10-11,10,4,2023,P009,Dress,2,Clothing,CUST401,Female,62.0,S001,Main Store Jakarta,Jakarta,Indonesia,1.0,300.0,300.0,11.85,300.0
402,2023-03-21,3,1,2023,P009,Dress,2,Clothing,CUST402,Female,41.0,S002,Surabaya Outlet,Surabaya,Indonesia,2.0,300.0,600.0,9.28,600.0
403,2023-05-20,5,2,2023,P009,Dress,2,Clothing,CUST403,Male,32.0,S003,Bandung Store,Bandung,Indonesia,3.0,300.0,600.0,16.28,600.0
404,2023-05-25,5,2,2023,P015,Smartphone,3,Electronics,CUST404,Male,46.0,S002,Surabaya Outlet,Surabaya,Indonesia,2.0,500.0,1000.0,7.42,1000.0
405,2023-11-06,11,4,2023,P009,Dress,2,Clothing,CUST405,Female,25.0,S005,Bali Shop,Bali,Indonesia,3.0,300.0,1200.0,9.72,1200.0
406,2023-04-18,4,2,2023,P001,Lipstick,1,Beauty,CUST406,Female,22.0,S004,Medan Branch,Medan,Indonesia,4.0,25.0,100.0,1.06,100.0
407,2023-06-25,6,2,2023,P014,Laptop,3,Electronics,CUST407,Female,46.0,S005,Bali Shop,Bali,Indonesia,3.0,300.0,900.0,1.91,900.0
408,2023-04-15,4,2,2023,P005,Makeup Kit,1,Beauty,CUST408,Female,64.0,S004,Medan Branch,Medan,Indonesia,1.0,500.0,500.0,2.31,500.0
409,2023-12-18,12,4,2023,P014,Laptop,3,Electronics,CUST409,Female,21.0,S003,Bandung Store,Bandung,Indonesia,3.0,300.0,900.0,4.19,900.0
410,2023-11-21,11,4,2023,P008,Jacket,2,Clothing,CUST410,Female,29.0,S002,Surabaya Outlet,Surabaya,Indonesia,2.0,50.0,100.0,7.52,100.0
411,2023-05-16,5,2,2023,P013,Smartwatch,3,Electronics,CUST411,Male,62.0,S003,Bandung Store,Bandung,Indonesia,4.0,50.0,200.0,17.62,200.0
412,2023-09-16,9,3,2023,P015,Smartphone,3,Electronics,CUST412,Female,19.0,S005,Bali Shop,Bali,Indonesia,4.0,500.0,2000.0,8.85,2000.0
413,2023-09-08,9,3,2023,P001,Lipstick,1,Beauty,CUST413,Female,44.0,S005,Bali Shop,Bali,Indonesia,3.0,25.0,75.0,3.75,75.0
414,2023-05-09,5,2,2023,P001,Lipstick,1,Beauty,CUST414,Male,48.0,S005,Bali Shop,Bali,Indonesia,4.0,25.0,100.0,5.84,100.0
415,2023-01-27,1,1,2023,P007,Jeans,2,Clothing,CUST415,Male,53.0,S004,Medan Branch,Medan,Indonesia,3.0,30.0,60.0,19.86,60.0
416,2023-02-17,2,1,2023,P015,Smartphone,3,Electronics,CUST416,Male,53.0,S005,Bali Shop,Bali,Indonesia,4.0,500.0,2000.0,19.33,2000.0
417,2023-11-21,11,4,2023,P014,Laptop,3,Electronics,CUST417,Male,43.0,S002,Surabaya Outlet,Surabaya,Indonesia,3.0,300.0,900.0,17.33,900.0
418,2023-08-05,8,3,2023,P015,Smartphone,3,Electronics,CUST418,Female,60.0,S004,Medan Branch,Medan,Indonesia,3.0,500.0,1000.0,16.92,1000.0
419,2023-05-22,5,2,2023,P007,Jeans,2,Clothing,CUST419,Female,44.0,S005,Bali Shop,Bali,Indonesia,3.0,30.0,90.0,16.25,90.0
420,2023-01-23,1,1,2023,P010,Suit,2,Clothing,CUST420,Female,22.0,S002,Surabaya Outlet,Surabaya,Indonesia,4.0,500.0,2000.0,15.15,2000.0
421,2023-01-02,1,1,2023,P010,Suit,2,Clothing,CUST421,Female,37.0,S005,Bali Shop,Bali,Indonesia,3.0,500.0,1500.0,10.34,1500.0
422,2023-06-20,6,2,2023,P007,Jeans,2,Clothing,CUST422,Female,28.0,S004,Medan Branch,Medan,Indonesia,3.0,30.0,90.0,19.28,90.0
423,2023-03-08,3,1,2023,P006,T-Shirt,2,Clothing,CUST423,Female,27.0,S004,Medan Branch,Medan,Indonesia,1.0,25.0,25.0,11.83,25.0
424,2023-11-23,11,4,2023,P004,Skincare Set,1,Beauty,CUST424,Male,57.0,S003,Bandung Store,Bandung,Indonesia,3.0,300.0,1200.0,6.65,1200.0
425,2023-05-15,5,2,2023,P012,Charger,3,Electronics,CUST425,Female,55.0,S003,Bandung Store,Bandung,Indonesia,4.0,30.0,120.0,9.29,120.0
426,2023-03-24,3,1,2023,P013,Smartwatch,3,Electronics,CUST426,Male,23.0,S001,Main Store Jakarta,Jakarta,Indonesia,3.0,50.0,150.0,19.99,150.0
427,2023-08-15,8,3,2023,P011,Headphones,3,Electronics,CUST427,Male,25.0,S004,Medan Branch,Medan,Indonesia,1.0,25.0,25.0,9.22,25.0
429,2023-12-28,12,4,2023,P011,Headphones,3,Electronics,CUST429,Male,64.0,S003,Bandung Store,Bandung,Indonesia,2.0,25.0,50.0,5.81,50.0
430,2023-08-07,8,3,2023,P014,Laptop,3,Electronics,CUST430,Female,43.0,S003,Bandung Store,Bandung,Indonesia,3.0,300.0,900.0,12.34,900.0
431,2023-10-15,10,4,2023,P014,Laptop,3,Electronics,CUST431,Male,63.0,S002,Surabaya Outlet,Surabaya,Indonesia,4.0,300.0,1200.0,11.59,1200.0
432,2023-01-05,1,1,2023,P015,Smartphone,3,Electronics,CUST432,Female,60.0,S005,Bali Shop,Bali,Indonesia,2.0,500.0,1000.0,3.77,1000.0
433,2023-02-27,2,1,2023,P003,Perfume,1,Beauty,CUST433,Male,29.0,S001,Main Store Jakarta,Jakarta,Indonesia,3.0,50.0,200.0,7.26,200.0
434,2023-02-08,2,1,2023,P011,Headphones,3,Electronics,CUST434,Female,43.0,S002,Surabaya Outlet,Surabaya,Indonesia,2.0,25.0,50.0,18.12,50.0
435,2023-12-20,12,4,2023,P004,Skincare Set,1,Beauty,CUST435,Female,30.0,S004,Medan Branch,Medan,Indonesia,3.0,300.0,900.0,17.48,900.0
436,2023-03-18,3,1,2023,P007,Jeans,2,Clothing,CUST436,Female,57.0,S001,Main Store Jakarta,Jakarta,Indonesia,3.0,30.0,120.0,11.945,120.0
437,2023-10-07,10,4,2023,P014,Laptop,3,Electronics,CUST437,Female,35.0,S005,Bali Shop,Bali,Indonesia,3.0,300.0,1200.0,13.85,1200.0
438,2023-01-19,1,1,2023,P007,Jeans,2,Clothing,CUST438,Female,42.0,S002,Surabaya Outlet,Surabaya,Indonesia,1.0,30.0,30.0,18.35,30.0
439,2023-07-09,7,3,2023,P006,T-Shirt,2,Clothing,CUST439,Male,50.0,S005,Bali Shop,Bali,Indonesia,3.0,25.0,75.0,5.29,75.0
440,2023-10-26,10,4,2023,P009,Dress,2,Clothing,CUST440,Male,64.0,S003,Bandung Store,Bandung,Indonesia,3.0,300.0,600.0,5.19,600.0
441,2023-10-10,10,4,2023,P004,Skincare Set,1,Beauty,CUST441,Male,42.0,S001,Main Store Jakarta,Jakarta,Indonesia,4.0,300.0,1200.0,4.64,1200.0
442,2023-03-17,3,1,2023,P006,T-Shirt,2,Clothing,CUST442,Female,60.0,S001,Main Store Jakarta,Jakarta,Indonesia,4.0,25.0,100.0,10.26,100.0
443,2023-08-09,8,3,2023,P009,Dress,2,Clothing,CUST443,Male,29.0,S005,Bali Shop,Bali,Indonesia,3.0,300.0,600.0,5.48,600.0
444,2023-03-07,3,1,2023,P007,Jeans,2,Clothing,CUST444,Female,61.0,S002,Surabaya Outlet,Surabaya,Indonesia,3.0,30.0,90.0,16.51,90.0
445,2023-01-22,1,1,2023,P014,Laptop,3,Electronics,CUST445,Female,53.0,S002,Surabaya Outlet,Surabaya,Indonesia,1.0,300.0,300.0,2.93,300.0
446,2023-06-07,6,2,2023,P013,Smartwatch,3,Electronics,CUST446,Male,21.0,S002,Surabaya Outlet,Surabaya,Indonesia,1.0,50.0,50.0,9.09,50.0
447,2023-07-06,7,3,2023,P005,Makeup Kit,1,Beauty,CUST447,Male,22.0,S001,Main Store Jakarta,Jakarta,Indonesia,3.0,500.0,2000.0,15.49,2000.0
448,2023-01-21,1,1,2023,P002,Face Cream,1,Beauty,CUST448,Female,54.0,S005,Bali Shop,Bali,Indonesia,2.0,30.0,60.0,16.08,60.0
449,2023-07-03,7,3,2023,P013,Smartwatch,3,Electronics,CUST449,Male,25.0,S005,Bali Shop,Bali,Indonesia,4.0,50.0,200.0,2.77,200.0
450,2023-04-18,4,2,2023,P001,Lipstick,1,Beauty,CUST450,Female,59.0,S001,Main Store Jakarta,Jakarta,Indonesia,3.0,25.0,50.0,8.31,50.0
451,2023-12-16,12,4,2023,P012,Charger,3,Electronics,CUST451,Female,45.0,S001,Main Store Jakarta,Jakarta,Indonesia,3.0,30.0,30.0,1.68,30.0
452,2023-05-08,5,2,2023,P010,Suit,2,Clothing,CUST452,Female,48.0,S005,Bali Shop,Bali,Indonesia,3.0,500.0,1500.0,4.6,1500.0
453,2023-12-08,12,4,2023,P010,Suit,2,Clothing,CUST453,Female,26.0,S001,Main Store Jakarta,Jakarta,Indonesia,2.0,500.0,1000.0,11.56,1000.0
454,2023-02-22,2,1,2023,P001,Lipstick,1,Beauty,CUST454,Female,46.0,S004,Medan Branch,Medan,Indonesia,1.0,25.0,25.0,1.29,25.0
455,2023-07-01,7,3,2023,P011,Headphones,3,Electronics,CUST455,Male,31.0,S005,Bali Shop,Bali,Indonesia,3.0,25.0,100.0,13.8,100.0
456,2023-10-14,10,4,2023,P012,Charger,3,Electronics,CUST456,Male,42.0,S001,Main Store Jakarta,Jakarta,Indonesia,2.0,30.0,60.0,16.79,60.0
457,2023-07-28,7,3,2023,P004,Skincare Set,1,Beauty,CUST457,Female,58.0,S003,Bandung Store,Bandung,Indonesia,3.0,300.0,900.0,1.42,900.0
458,2023-11-14,11,4,2023,P011,Headphones,3,Electronics,CUST458,Female,39.0,S005,Bali Shop,Bali,Indonesia,4.0,25.0,100.0,1.24,100.0
459,2023-03-21,3,1,2023,P009,Dress,2,Clothing,CUST459,Male,28.0,S005,Bali Shop,Bali,Indonesia,4.0,300.0,1200.0,1.18,1200.0
460,2023-05-02,5,2,2023,P003,Perfume,1,Beauty,CUST460,Male,40.0,S001,Main Store Jakarta,Jakarta,Indonesia,1.0,50.0,50.0,2.84,50.0
461,2023-03-25,3,1,2023,P005,Makeup Kit,1,Beauty,CUST461,Female,18.0,S005,Bali Shop,Bali,Indonesia,2.0,500.0,1000.0,11.29,1000.0
462,2023-04-01,4,2,2023,P014,Laptop,3,Electronics,CUST462,Male,63.0,S004,Medan Branch,Medan,Indonesia,4.0,300.0,1200.0,5.91,1200.0
463,2023-07-31,7,3,2023,P005,Makeup Kit,1,Beauty,CUST463,Female,54.0,S003,Bandung Store,Bandung,Indonesia,3.0,500.0,1500.0,1.56,1500.0
464,2023-01-13,1,1,2023,P014,Laptop,3,Electronics,CUST464,Male,38.0,S005,Bali Shop,Bali,Indonesia,3.0,300.0,600.0,4.57,600.0
465,2023-04-02,4,2,2023,P013,Smartwatch,3,Electronics,CUST465,Female,43.0,S001,Main Store Jakarta,Jakarta,Indonesia,3.0,50.0,150.0,7.74,150.0
466,2023-06-20,6,2,2023,P011,Headphones,3,Electronics,CUST466,Male,63.0,S004,Medan Branch,Medan,Indonesia,4.0,25.0,100.0,10.9,100.0
467,2023-07-30,7,3,2023,P013,Smartwatch,3,Electronics,CUST467,Female,53.0,S002,Surabaya Outlet,Surabaya,Indonesia,3.0,50.0,150.0,11.42,150.0
468,2023-12-09,12,4,2023,P011,Headphones,3,Electronics,CUST468,Male,40.0,S001,Main Store Jakarta,Jakarta,Indonesia,3.0,25.0,25.0,12.23,25.0
469,2023-05-08,5,2,2023,P001,Lipstick,1,Beauty,CUST469,Male,18.0,S001,Main Store Jakarta,Jakarta,Indonesia,3.0,25.0,75.0,9.97,75.0
470,2023-05-17,5,2,2023,P010,Suit,2,Clothing,CUST470,Female,57.0,S001,Main Store Jakarta,Jakarta,Indonesia,2.0,500.0,1000.0,8.51,1000.0
471,2023-03-23,3,1,2023,P008,Jacket,2,Clothing,CUST471,Male,32.0,S002,Surabaya Outlet,Surabaya,Indonesia,3.0,50.0,150.0,19.45,150.0
472,2023-12-26,12,4,2023,P004,Skincare Set,1,Beauty,CUST472,Female,38.0,S002,Surabaya Outlet,Surabaya,Indonesia,3.0,300.0,900.0,2.41,900.0
473,2023-02-25,2,1,2023,P003,Perfume,1,Beauty,CUST473,Male,64.0,S002,Surabaya Outlet,Surabaya,Indonesia,1.0,50.0,50.0,16.28,50.0
474,2023-07-15,7,3,2023,P010,Suit,2,Clothing,CUST474,Female,26.0,S002,Surabaya Outlet,Surabaya,Indonesia,3.0,500.0,1500.0,18.52,1500.0
475,2023-01-20,1,1,2023,P006,T-Shirt,2,Clothing,CUST475,Male,26.0,S002,Surabaya Outlet,Surabaya,Indonesia,3.0,25.0,75.0,2.66,75.0
477,2023-04-24,4,2,2023,P007,Jeans,2,Clothing,CUST477,Male,43.0,S005,Bali Shop,Bali,Indonesia,3.0,30.0,120.0,14.78,120.0
478,2023-04-13,4,2,2023,P007,Jeans,2,Clothing,CUST478,Female,58.0,S001,Main Store Jakarta,Jakarta,Indonesia,2.0,30.0,60.0,13.97,60.0
479,2023-08-24,8,3,2023,P014,Laptop,3,Electronics,CUST479,Male,52.0,S005,Bali Shop,Bali,Indonesia,4.0,300.0,1200.0,4.46,1200.0
480,2023-06-29,6,2,2023,P005,Makeup Kit,1,Beauty,CUST480,Female,42.0,S004,Medan Branch,Medan,Indonesia,4.0,500.0,2000.0,3.02,2000.0
481,2023-06-06,6,2,2023,P014,Laptop,3,Electronics,CUST481,Female,43.0,S002,Surabaya Outlet,Surabaya,Indonesia,4.0,300.0,1200.0,0.78,1200.0
482,2023-04-27,4,2,2023,P009,Dress,2,Clothing,CUST482,Female,28.0,S002,Surabaya Outlet,Surabaya,Indonesia,4.0,300.0,1200.0,7.06,1200.0
483,2023-04-25,4,2,2023,P007,Jeans,2,Clothing,CUST483,Male,55.0,S001,Main Store Jakarta,Jakarta,Indonesia,3.0,30.0,30.0,9.13,30.0
484,2023-01-13,1,1,2023,P009,Dress,2,Clothing,CUST484,Female,42.0,S004,Medan Branch,Medan,Indonesia,4.0,300.0,1200.0,12.97,1200.0
485,2023-12-04,12,4,2023,P012,Charger,3,Electronics,CUST485,Male,24.0,S002,Surabaya Outlet,Surabaya,Indonesia,1.0,30.0,30.0,12.8,30.0
486,2023-04-09,4,2,2023,P011,Headphones,3,Electronics,CUST486,Female,35.0,S002,Surabaya Outlet,Surabaya,Indonesia,1.0,25.0,25.0,13.41,25.0
487,2023-07-24,7,3,2023,P010,Suit,2,Clothing,CUST487,Male,44.0,S003,Bandung Store,Bandung,Indonesia,4.0,500.0,2000.0,6.01,2000.0
488,2023-06-18,6,2,2023,P014,Laptop,3,Electronics,CUST488,Female,51.0,S003,Bandung Store,Bandung,Indonesia,3.0,300.0,900.0,5.7,900.0
489,2023-05-23,5,2,2023,P012,Charger,3,Electronics,CUST489,Male,44.0,S004,Medan Branch,Medan,Indonesia,3.0,30.0,30.0,8.22,30.0
490,2023-02-05,2,1,2023,P008,Jacket,2,Clothing,CUST490,Male,34.0,S001,Main Store Jakarta,Jakarta,Indonesia,3.0,50.0,150.0,16.99,150.0
491,2023-05-23,5,2,2023,P014,Laptop,3,Electronics,CUST491,Female,60.0,S004,Medan Branch,Medan,Indonesia,3.0,300.0,900.0,18.93,900.0
492,2023-06-29,6,2,2023,P001,Lipstick,1,Beauty,CUST492,Male,61.0,S003,Bandung Store,Bandung,Indonesia,4.0,25.0,100.0,20.0,100.0
493,2023-11-25,11,4,2023,P001,Lipstick,1,Beauty,CUST493,Male,41.0,S003,Bandung Store,Bandung,Indonesia,2.0,25.0,50.0,10.17,50.0
494,2023-09-18,9,3,2023,P003,Perfume,1,Beauty,CUST494,Female,42.0,S004,Medan Branch,Medan,Indonesia,4.0,50.0,200.0,17.61,200.0
495,2023-07-24,7,3,2023,P002,Face Cream,1,Beauty,CUST495,Male,24.0,S001,Main Store Jakarta,Jakarta,Indonesia,3.0,30.0,60.0,11.13,60.0
496,2023-12-14,12,4,2023,P009,Dress,2,Clothing,CUST496,Male,23.0,S001,Main Store Jakarta,Jakarta,Indonesia,3.0,300.0,600.0,1.81,600.0
497,2023-10-02,10,4,2023,P007,Jeans,2,Clothing,CUST497,Male,41.0,S005,Bali Shop,Bali,Indonesia,4.0,30.0,120.0,15.28,120.0
498,2023-06-19,6,2,2023,P006,T-Shirt,2,Clothing,CUST498,Female,50.0,S001,Main Store Jakarta,Jakarta,Indonesia,3.0,25.0,100.0,9.9,100.0
499,2023-01-15,1,1,2023,P002,Face Cream,1,Beauty,CUST499,Male,46.0,S003,Bandung Store,Bandung,Indonesia,2.0,30.0,60.0,3.01,60.0
500,2023-03-01,3,1,2023,P001,Lipstick,1,Beauty,CUST500,Female,60.0,S004,Medan Branch,Medan,Indonesia,4.0,25.0,100.0,15.89,100.0
501,2023-05-14,5,2,2023,P012,Charger,3,Electronics,CUST501,Male,39.0,S005,Bali Shop,Bali,Indonesia,2.0,30.0,60.0,12.88,60.0
502,2023-04-02,4,2,2023,P013,Smartwatch,3,Electronics,CUST502,Male,43.0,S004,Medan Branch,Medan,Indonesia,3.0,50.0,150.0,1.42,150.0
503,2023-10-25,10,4,2023,P005,Makeup Kit,1,Beauty,CUST503,Male,45.0,S003,Bandung Store,Bandung,Indonesia,3.0,500.0,2000.0,14.54,2000.0
504,2023-05-16,5,2,2023,P003,Perfume,1,Beauty,CUST504,Female,42.0,S004,Medan Branch,Medan,Indonesia,3.0,50.0,150.0,14.88,150.0
505,2023-01-20,1,1,2023,P003,Perfume,1,Beauty,CUST505,Male,24.0,S005,Bali Shop,Bali,Indonesia,1.0,50.0,50.0,16.44,50.0
506,2023-02-25,2,1,2023,P005,Makeup Kit,1,Beauty,CUST506,Male,34.0,S005,Bali Shop,Bali,Indonesia,3.0,500.0,1500.0,2.07,1500.0
507,2023-11-02,11,4,2023,P015,Smartphone,3,Electronics,CUST507,Female,37.0,S002,Surabaya Outlet,Surabaya,Indonesia,3.0,500.0,1500.0,18.28,1500.0
508,2023-08-11,8,3,2023,P004,Skincare Set,1,Beauty,CUST508,Male,58.0,S001,Main Store Jakarta,Jakarta,Indonesia,2.0,300.0,600.0,12.305,600.0
509,2023-06-26,6,2,2023,P014,Laptop,3,Electronics,CUST509,Female,37.0,S005,Bali Shop,Bali,Indonesia,3.0,300.0,900.0,10.63,900.0
510,2023-06-10,6,2,2023,P003,Perfume,1,Beauty,CUST510,Female,42.0,S005,Bali Shop,Bali,Indonesia,3.0,50.0,200.0,6.12,200.0
511,2023-08-12,8,3,2023,P003,Perfume,1,Beauty,CUST511,Male,45.0,S001,Main Store Jakarta,Jakarta,Indonesia,2.0,50.0,100.0,2.23,100.0
512,2023-11-07,11,4,2023,P001,Lipstick,1,Beauty,CUST512,Female,57.0,S005,Bali Shop,Bali,Indonesia,1.0,25.0,25.0,6.43,25.0
513,2023-09-19,9,3,2023,P011,Headphones,3,Electronics,CUST513,Male,24.0,S005,Bali Shop,Bali,Indonesia,4.0,25.0,100.0,13.7,100.0
515,2023-07-17,7,3,2023,P009,Dress,2,Clothing,CUST515,Female,49.0,S003,Bandung Store,Bandung,Indonesia,3.0,300.0,900.0,7.43,900.0
516,2023-10-23,10,4,2023,P001,Lipstick,1,Beauty,CUST516,Male,30.0,S004,Medan Branch,Medan,Indonesia,4.0,25.0,100.0,8.31,100.0
517,2023-04-08,4,2,2023,P006,T-Shirt,2,Clothing,CUST517,Female,47.0,S003,Bandung Store,Bandung,Indonesia,3.0,25.0,100.0,19.99,100.0
520,2023-12-29,12,4,2023,P011,Headphones,3,Electronics,CUST520,Female,49.0,S004,Medan Branch,Medan,Indonesia,3.0,25.0,100.0,9.95,100.0
521,2023-08-12,8,3,2023,P007,Jeans,2,Clothing,CUST521,Female,47.0,S001,Main Store Jakarta,Jakarta,Indonesia,4.0,30.0,120.0,5.18,120.0
522,2023-01-01,1,1,2023,P005,Makeup Kit,1,Beauty,CUST522,Male,46.0,S002,Surabaya Outlet,Surabaya,Indonesia,3.0,500.0,1500.0,3.96,1500.0
523,2023-09-24,9,3,2023,P014,Laptop,3,Electronics,CUST523,Female,62.0,S004,Medan Branch,Medan,Indonesia,1.0,300.0,300.0,16.26,300.0
524,2023-10-03,10,4,2023,P004,Skincare Set,1,Beauty,CUST524,Male,46.0,S001,Main Store Jakarta,Jakarta,Indonesia,4.0,300.0,1200.0,18.53,1200.0
525,2023-12-18,12,4,2023,P001,Lipstick,1,Beauty,CUST525,Female,47.0,S001,Main Store Jakarta,Jakarta,Indonesia,2.0,25.0,50.0,3.29,50.0
526,2023-12-10,12,4,2023,P008,Jacket,2,Clothing,CUST526,Male,33.0,S001,Main Store Jakarta,Jakarta,Indonesia,2.0,50.0,100.0,15.48,100.0
527,2023-04-11,4,2,2023,P006,T-Shirt,2,Clothing,CUST527,Male,57.0,S001,Main Store Jakarta,Jakarta,Indonesia,2.0,25.0,50.0,10.03,50.0
528,2023-07-06,7,3,2023,P007,Jeans,2,Clothing,CUST528,Female,36.0,S004,Medan Branch,Medan,Indonesia,2.0,30.0,60.0,7.25,60.0
529,2023-08-09,8,3,2023,P008,Jacket,2,Clothing,CUST529,Female,35.0,S005,Bali Shop,Bali,Indonesia,3.0,50.0,150.0,11.27,150.0
530,2023-02-05,2,1,2023,P012,Charger,3,Electronics,CUST530,Female,18.0,S001,Main Store Jakarta,Jakarta,Indonesia,4.0,30.0,120.0,6.63,120.0
531,2023-12-07,12,4,2023,P015,Smartphone,3,Electronics,CUST531,Male,31.0,S004,Medan Branch,Medan,Indonesia,3.0,500.0,500.0,6.03,500.0
532,2023-06-19,6,2,2023,P007,Jeans,2,Clothing,CUST532,Female,42.0,S002,Surabaya Outlet,Surabaya,Indonesia,3.0,30.0,120.0,15.64,120.0
533,2023-11-16,11,4,2023,P015,Smartphone,3,Electronics,CUST533,Male,19.0,S003,Bandung Store,Bandung,Indonesia,3.0,500.0,1500.0,19.76,1500.0
534,2023-06-10,6,2,2023,P010,Suit,2,Clothing,CUST534,Male,42.0,S005,Bali Shop,Bali,Indonesia,2.0,500.0,1000.0,18.62,1000.0
535,2023-12-06,12,4,2023,P002,Face Cream,1,Beauty,CUST535,Male,47.0,S002,Surabaya Outlet,Surabaya,Indonesia,3.0,30.0,90.0,16.52,90.0
536,2023-03-05,3,1,2023,P002,Face Cream,1,Beauty,CUST536,Female,55.0,S003,Bandung Store,Bandung,Indonesia,4.0,30.0,120.0,16.76,120.0
537,2023-06-03,6,2,2023,P005,Makeup Kit,1,Beauty,CUST537,Female,21.0,S001,Main Store Jakarta,Jakarta,Indonesia,3.0,500.0,500.0,12.7,500.0
538,2023-09-17,9,3,2023,P008,Jacket,2,Clothing,CUST538,Male,18.0,S003,Bandung Store,Bandung,Indonesia,3.0,50.0,150.0,11.06,150.0
539,2023-06-08,6,2,2023,P005,Makeup Kit,1,Beauty,CUST539,Male,25.0,S003,Bandung Store,Bandung,Indonesia,1.0,500.0,500.0,6.92,500.0
540,2023-12-08,12,4,2023,P014,Laptop,3,Electronics,CUST540,Female,46.0,S002,Surabaya Outlet,Surabaya,Indonesia,3.0,300.0,900.0,3.56,900.0
541,2023-07-29,7,3,2023,P005,Makeup Kit,1,Beauty,CUST541,Male,56.0,S003,Bandung Store,Bandung,Indonesia,1.0,500.0,500.0,10.15,500.0
542,2023-06-17,6,2,2023,P003,Perfume,1,Beauty,CUST542,Female,20.0,S001,Main Store Jakarta,Jakarta,Indonesia,1.0,50.0,50.0,8.27,50.0
543,2023-07-26,7,3,2023,P004,Skincare Set,1,Beauty,CUST543,Male,49.0,S003,Bandung Store,Bandung,Indonesia,2.0,300.0,600.0,13.52,600.0
544,2023-12-23,12,4,2023,P011,Headphones,3,Electronics,CUST544,Female,27.0,S004,Medan Branch,Medan,Indonesia,3.0,25.0,25.0,11.785,25.0
545,2023-06-01,6,2,2023,P006,T-Shirt,2,Clothing,CUST545,Male,27.0,S005,Bali Shop,Bali,Indonesia,2.0,25.0,50.0,12.75,50.0
546,2023-10-11,10,4,2023,P013,Smartwatch,3,Electronics,CUST546,Female,36.0,S001,Main Store Jakarta,Jakarta,Indonesia,4.0,50.0,200.0,9.09,200.0
547,2023-03-07,3,1,2023,P010,Suit,2,Clothing,CUST547,Male,63.0,S002,Surabaya Outlet,Surabaya,Indonesia,4.0,500.0,2000.0,17.7,2000.0
548,2023-04-09,4,2,2023,P007,Jeans,2,Clothing,CUST548,Female,51.0,S002,Surabaya Outlet,Surabaya,Indonesia,2.0,30.0,60.0,2.43,60.0
549,2023-08-04,8,3,2023,P003,Perfume,1,Beauty,CUST549,Female,50.0,S003,Bandung Store,Bandung,Indonesia,2.0,50.0,100.0,18.6,100.0
550,2023-12-07,12,4,2023,P009,Dress,2,Clothing,CUST550,Male,40.0,S002,Surabaya Outlet,Surabaya,Indonesia,3.0,300.0,900.0,9.28,900.0
551,2023-07-14,7,3,2023,P014,Laptop,3,Electronics,CUST551,Male,45.0,S005,Bali Shop,Bali,Indonesia,3.0,300.0,900.0,6.65,900.0
552,2023-12-13,12,4,2023,P011,Headphones,3,Electronics,CUST552,Female,49.0,S003,Bandung Store,Bandung,Indonesia,3.0,25.0,75.0,7.49,75.0
553,2023-03-31,3,1,2023,P009,Dress,2,Clothing,CUST553,Male,24.0,S003,Bandung Store,Bandung,Indonesia,4.0,300.0,1200.0,9.68,1200.0
555,2023-10-19,10,4,2023,P004,Skincare Set,1,Beauty,CUST555,Male,25.0,S002,Surabaya Outlet,Surabaya,Indonesia,3.0,300.0,300.0,5.33,300.0
556,2023-06-04,6,2,2023,P013,Smartwatch,3,Electronics,CUST556,Female,18.0,S004,Medan Branch,Medan,Indonesia,1.0,50.0,50.0,1.83,50.0
558,2023-10-08,10,4,2023,P006,T-Shirt,2,Clothing,CUST558,Female,41.0,S001,Main Store Jakarta,Jakarta,Indonesia,3.0,25.0,25.0,13.14,25.0
559,2023-01-01,1,1,2023,P009,Dress,2,Clothing,CUST559,Female,40.0,S004,Medan Branch,Medan,Indonesia,4.0,300.0,1200.0,9.28,1200.0
560,2023-06-05,6,2,2023,P013,Smartwatch,3,Electronics,CUST560,Female,25.0,S005,Bali Shop,Bali,Indonesia,1.0,50.0,50.0,14.24,50.0
561,2023-05-27,5,2,2023,P010,Suit,2,Clothing,CUST561,Female,64.0,S001,Main Store Jakarta,Jakarta,Indonesia,4.0,500.0,2000.0,5.14,2000.0
562,2023-04-18,4,2,2023,P011,Headphones,3,Electronics,CUST562,Male,54.0,S003,Bandung Store,Bandung,Indonesia,2.0,25.0,50.0,18.61,50.0
563,2023-08-09,8,3,2023,P007,Jeans,2,Clothing,CUST563,Male,20.0,S003,Bandung Store,Bandung,Indonesia,2.0,30.0,60.0,14.67,60.0
564,2023-10-24,10,4,2023,P013,Smartwatch,3,Electronics,CUST564,Male,50.0,S004,Medan Branch,Medan,Indonesia,3.0,50.0,100.0,11.52,100.0
565,2023-11-07,11,4,2023,P002,Face Cream,1,Beauty,CUST565,Female,45.0,S003,Bandung Store,Bandung,Indonesia,3.0,30.0,60.0,12.52,60.0
566,2023-12-02,12,4,2023,P007,Jeans,2,Clothing,CUST566,Female,64.0,S002,Surabaya Outlet,Surabaya,Indonesia,3.0,30.0,30.0,13.61,30.0
567,2023-06-14,6,2,2023,P009,Dress,2,Clothing,CUST567,Female,25.0,S003,Bandung Store,Bandung,Indonesia,3.0,300.0,900.0,6.2,900.0
568,2023-08-27,8,3,2023,P014,Laptop,3,Electronics,CUST568,Female,51.0,S001,Main Store Jakarta,Jakarta,Indonesia,3.0,300.0,300.0,9.64,300.0
569,2023-08-15,8,3,2023,P013,Smartwatch,3,Electronics,CUST569,Male,52.0,S001,Main Store Jakarta,Jakarta,Indonesia,4.0,50.0,200.0,19.8,200.0
570,2023-08-15,8,3,2023,P010,Suit,2,Clothing,CUST570,Male,49.0,S002,Surabaya Outlet,Surabaya,Indonesia,1.0,500.0,500.0,10.34,500.0
571,2023-12-12,12,4,2023,P013,Smartwatch,3,Electronics,CUST571,Female,41.0,S002,Surabaya Outlet,Surabaya,Indonesia,1.0,50.0,50.0,14.22,50.0
572,2023-04-20,4,2,2023,P010,Suit,2,Clothing,CUST572,Male,31.0,S004,Medan Branch,Medan,Indonesia,4.0,500.0,2000.0,19.17,2000.0
573,2023-09-19,9,3,2023,P002,Face Cream,1,Beauty,CUST573,Male,49.0,S001,Main Store Jakarta,Jakarta,Indonesia,2.0,30.0,60.0,3.74,60.0
574,2023-08-31,8,3,2023,P011,Headphones,3,Electronics,CUST574,Female,63.0,S004,Medan Branch,Medan,Indonesia,2.0,25.0,50.0,3.88,50.0
575,2023-03-28,3,1,2023,P008,Jacket,2,Clothing,CUST575,Male,60.0,S003,Bandung Store,Bandung,Indonesia,3.0,50.0,100.0,1.78,100.0
576,2023-12-04,12,4,2023,P003,Perfume,1,Beauty,CUST576,Female,33.0,S003,Bandung Store,Bandung,Indonesia,3.0,50.0,150.0,16.79,150.0
577,2023-02-13,2,1,2023,P005,Makeup Kit,1,Beauty,CUST577,Male,21.0,S002,Surabaya Outlet,Surabaya,Indonesia,4.0,500.0,2000.0,6.03,2000.0
578,2023-05-26,5,2,2023,P007,Jeans,2,Clothing,CUST578,Female,54.0,S001,Main Store Jakarta,Jakarta,Indonesia,4.0,30.0,120.0,8.3,120.0
579,2023-09-21,9,3,2023,P012,Charger,3,Electronics,CUST579,Female,38.0,S003,Bandung Store,Bandung,Indonesia,1.0,30.0,30.0,11.29,30.0
580,2023-12-06,12,4,2023,P010,Suit,2,Clothing,CUST580,Female,31.0,S005,Bali Shop,Bali,Indonesia,3.0,500.0,1500.0,11.07,1500.0
581,2023-11-21,11,4,2023,P002,Face Cream,1,Beauty,CUST581,Female,48.0,S003,Bandung Store,Bandung,Indonesia,2.0,30.0,60.0,18.7,60.0
582,2023-11-14,11,4,2023,P009,Dress,2,Clothing,CUST582,Male,35.0,S004,Medan Branch,Medan,Indonesia,3.0,300.0,900.0,12.28,900.0
583,2023-06-21,6,2,2023,P011,Headphones,3,Electronics,CUST583,Female,24.0,S005,Bali Shop,Bali,Indonesia,4.0,25.0,100.0,15.48,100.0
584,2023-02-17,2,1,2023,P003,Perfume,1,Beauty,CUST584,Female,27.0,S004,Medan Branch,Medan,Indonesia,4.0,50.0,200.0,16.24,200.0
585,2023-05-01,5,2,2023,P006,T-Shirt,2,Clothing,CUST585,Female,24.0,S005,Bali Shop,Bali,Indonesia,3.0,25.0,25.0,5.27,25.0
586,2023-12-11,12,4,2023,P013,Smartwatch,3,Electronics,CUST586,Male,50.0,S005,Bali Shop,Bali,Indonesia,3.0,50.0,50.0,18.16,50.0
587,2023-06-08,6,2,2023,P004,Skincare Set,1,Beauty,CUST587,Female,40.0,S005,Bali Shop,Bali,Indonesia,4.0,300.0,1200.0,6.2,1200.0
588,2023-04-26,4,2,2023,P012,Charger,3,Electronics,CUST588,Male,38.0,S005,Bali Shop,Bali,Indonesia,2.0,30.0,60.0,17.12,60.0
589,2023-04-12,4,2,2023,P005,Makeup Kit,1,Beauty,CUST589,Female,36.0,S004,Medan Branch,Medan,Indonesia,2.0,500.0,1000.0,11.28,1000.0
590,2023-03-17,3,1,2023,P009,Dress,2,Clothing,CUST590,Male,36.0,S004,Medan Branch,Medan,Indonesia,3.0,300.0,900.0,11.29,900.0
591,2023-01-13,1,1,2023,P011,Headphones,3,Electronics,CUST591,Male,53.0,S002,Surabaya Outlet,Surabaya,Indonesia,3.0,25.0,100.0,3.99,100.0
592,2023-01-24,1,1,2023,P005,Makeup Kit,1,Beauty,CUST592,Female,46.0,S003,Bandung Store,Bandung,Indonesia,3.0,500.0,2000.0,8.96,2000.0
593,2023-05-06,5,2,2023,P012,Charger,3,Electronics,CUST593,Male,35.0,S003,Bandung Store,Bandung,Indonesia,2.0,30.0,60.0,7.62,60.0
594,2023-09-01,9,3,2023,P014,Laptop,3,Electronics,CUST594,Female,19.0,S004,Medan Branch,Medan,Indonesia,3.0,300.0,600.0,8.98,600.0
595,2023-11-09,11,4,2023,P010,Suit,2,Clothing,CUST595,Female,18.0,S003,Bandung Store,Bandung,Indonesia,3.0,500.0,2000.0,16.87,2000.0
596,2023-02-07,2,1,2023,P014,Laptop,3,Electronics,CUST596,Female,64.0,S001,Main Store Jakarta,Jakarta,Indonesia,1.0,300.0,300.0,16.27,300.0
597,2023-08-22,8,3,2023,P004,Skincare Set,1,Beauty,CUST597,Male,22.0,S003,Bandung Store,Bandung,Indonesia,3.0,300.0,1200.0,0.75,1200.0
598,2023-08-01,8,3,2023,P002,Face Cream,1,Beauty,CUST598,Male,37.0,S005,Bali Shop,Bali,Indonesia,4.0,30.0,120.0,11.06,120.0
599,2023-11-19,11,4,2023,P003,Perfume,1,Beauty,CUST599,Female,28.0,S005,Bali Shop,Bali,Indonesia,3.0,50.0,100.0,15.07,100.0
600,2023-10-22,10,4,2023,P005,Makeup Kit,1,Beauty,CUST600,Female,59.0,S005,Bali Shop,Bali,Indonesia,2.0,500.0,1000.0,12.61,1000.0
601,2023-04-10,4,2,2023,P007,Jeans,2,Clothing,CUST601,Male,19.0,S004,Medan Branch,Medan,Indonesia,3.0,30.0,30.0,13.27,30.0
602,2023-12-23,12,4,2023,P014,Laptop,3,Electronics,CUST602,Female,20.0,S001,Main Store Jakarta,Jakarta,Indonesia,1.0,300.0,300.0,5.41,300.0
603,2023-07-16,7,3,2023,P007,Jeans,2,Clothing,CUST603,Female,40.0,S001,Main Store Jakarta,Jakarta,Indonesia,3.0,30.0,90.0,8.78,90.0
604,2023-09-11,9,3,2023,P013,Smartwatch,3,Electronics,CUST604,Female,29.0,S002,Surabaya Outlet,Surabaya,Indonesia,4.0,50.0,200.0,14.96,200.0
605,2023-07-24,7,3,2023,P015,Smartphone,3,Electronics,CUST605,Male,37.0,S002,Surabaya Outlet,Surabaya,Indonesia,3.0,500.0,1000.0,1.9,1000.0
606,2023-05-05,5,2,2023,P013,Smartwatch,3,Electronics,CUST606,Male,22.0,S001,Main Store Jakarta,Jakarta,Indonesia,3.0,50.0,50.0,2.53,50.0
607,2023-03-17,3,1,2023,P006,T-Shirt,2,Clothing,CUST607,Male,54.0,S005,Bali Shop,Bali,Indonesia,3.0,25.0,75.0,12.23,75.0
608,2023-12-02,12,4,2023,P015,Smartphone,3,Electronics,CUST608,Female,55.0,S004,Medan Branch,Medan,Indonesia,3.0,500.0,1500.0,7.98,1500.0
609,2023-12-19,12,4,2023,P008,Jacket,2,Clothing,CUST609,Female,47.0,S004,Medan Branch,Medan,Indonesia,2.0,50.0,100.0,16.47,100.0
610,2023-01-03,1,1,2023,P004,Skincare Set,1,Beauty,CUST610,Female,26.0,S003,Bandung Store,Bandung,Indonesia,2.0,300.0,600.0,18.23,600.0
611,2023-02-24,2,1,2023,P005,Makeup Kit,1,Beauty,CUST611,Male,51.0,S001,Main Store Jakarta,Jakarta,Indonesia,3.0,500.0,1500.0,16.21,1500.0
612,2023-08-06,8,3,2023,P015,Smartphone,3,Electronics,CUST612,Female,61.0,S003,Bandung Store,Bandung,Indonesia,1.0,500.0,500.0,9.91,500.0
613,2023-04-23,4,2,2023,P007,Jeans,2,Clothing,CUST613,Female,52.0,S002,Surabaya Outlet,Surabaya,Indonesia,3.0,30.0,90.0,11.34,90.0
614,2023-04-01,4,2,2023,P004,Skincare Set,1,Beauty,CUST614,Female,39.0,S005,Bali Shop,Bali,Indonesia,4.0,300.0,1200.0,16.16,1200.0
615,2023-12-23,12,4,2023,P006,T-Shirt,2,Clothing,CUST615,Female,61.0,S005,Bali Shop,Bali,Indonesia,3.0,25.0,100.0,6.15,100.0
616,2023-09-23,9,3,2023,P008,Jacket,2,Clothing,CUST616,Male,41.0,S002,Surabaya Outlet,Surabaya,Indonesia,2.0,50.0,100.0,18.45,100.0
617,2023-08-26,8,3,2023,P012,Charger,3,Electronics,CUST617,Male,34.0,S004,Medan Branch,Medan,Indonesia,3.0,30.0,30.0,5.03,30.0
618,2023-01-26,1,1,2023,P003,Perfume,1,Beauty,CUST618,Female,27.0,S004,Medan Branch,Medan,Indonesia,1.0,50.0,50.0,12.18,50.0
619,2023-10-13,10,4,2023,P011,Headphones,3,Electronics,CUST619,Male,47.0,S005,Bali Shop,Bali,Indonesia,4.0,25.0,100.0,19.89,100.0
620,2023-05-08,5,2,2023,P011,Headphones,3,Electronics,CUST620,Male,63.0,S005,Bali Shop,Bali,Indonesia,3.0,25.0,75.0,12.86,75.0
621,2023-03-04,3,1,2023,P005,Makeup Kit,1,Beauty,CUST621,Female,40.0,S001,Main Store Jakarta,Jakarta,Indonesia,3.0,500.0,1000.0,0.7,1000.0
622,2023-08-22,8,3,2023,P001,Lipstick,1,Beauty,CUST622,Female,49.0,S003,Bandung Store,Bandung,Indonesia,3.0,25.0,75.0,5.38,75.0
623,2023-03-10,3,1,2023,P008,Jacket,2,Clothing,CUST623,Male,42.0,S001,Main Store Jakarta,Jakarta,Indonesia,3.0,50.0,150.0,12.22,150.0
624,2023-08-26,8,3,2023,P004,Skincare Set,1,Beauty,CUST624,Female,34.0,S005,Bali Shop,Bali,Indonesia,3.0,300.0,900.0,12.67,900.0
625,2023-12-08,12,4,2023,P009,Dress,2,Clothing,CUST625,Male,31.0,S004,Medan Branch,Medan,Indonesia,1.0,300.0,300.0,3.31,300.0
626,2023-09-29,9,3,2023,P010,Suit,2,Clothing,CUST626,Female,26.0,S005,Bali Shop,Bali,Indonesia,4.0,500.0,2000.0,4.68,2000.0
627,2023-10-14,10,4,2023,P008,Jacket,2,Clothing,CUST627,Male,57.0,S001,Main Store Jakarta,Jakarta,Indonesia,1.0,50.0,50.0,11.2,50.0
628,2023-11-01,11,4,2023,P003,Perfume,1,Beauty,CUST628,Female,19.0,S004,Medan Branch,Medan,Indonesia,4.0,50.0,200.0,10.13,200.0
629,2023-06-12,6,2,2023,P011,Headphones,3,Electronics,CUST629,Male,62.0,S005,Bali Shop,Bali,Indonesia,2.0,25.0,50.0,8.44,50.0
630,2023-08-15,8,3,2023,P008,Jacket,2,Clothing,CUST630,Male,42.0,S001,Main Store Jakarta,Jakarta,Indonesia,2.0,50.0,100.0,10.52,100.0
631,2023-11-10,11,4,2023,P012,Charger,3,Electronics,CUST631,Male,56.0,S005,Bali Shop,Bali,Indonesia,3.0,30.0,90.0,13.19,90.0
632,2023-09-16,9,3,2023,P011,Headphones,3,Electronics,CUST632,Female,26.0,S003,Bandung Store,Bandung,Indonesia,4.0,25.0,100.0,5.13,100.0
633,2023-08-07,8,3,2023,P002,Face Cream,1,Beauty,CUST633,Male,39.0,S004,Medan Branch,Medan,Indonesia,3.0,30.0,120.0,15.3,120.0
634,2023-10-08,10,4,2023,P015,Smartphone,3,Electronics,CUST634,Male,60.0,S004,Medan Branch,Medan,Indonesia,4.0,500.0,2000.0,6.7,2000.0
635,2023-08-17,8,3,2023,P014,Laptop,3,Electronics,CUST635,Female,63.0,S002,Surabaya Outlet,Surabaya,Indonesia,3.0,300.0,900.0,15.52,900.0
636,2023-03-23,3,1,2023,P005,Makeup Kit,1,Beauty,CUST636,Female,21.0,S003,Bandung Store,Bandung,Indonesia,3.0,500.0,1500.0,3.94,1500.0
637,2023-09-01,9,3,2023,P009,Dress,2,Clothing,CUST637,Male,43.0,S003,Bandung Store,Bandung,Indonesia,3.0,300.0,600.0,1.22,600.0
638,2023-08-19,8,3,2023,P015,Smartphone,3,Electronics,CUST638,Male,46.0,S001,Main Store Jakarta,Jakarta,Indonesia,1.0,500.0,500.0,12.97,500.0
639,2023-05-13,5,2,2023,P003,Perfume,1,Beauty,CUST639,Female,62.0,S004,Medan Branch,Medan,Indonesia,3.0,50.0,200.0,6.21,200.0
640,2023-05-07,5,2,2023,P012,Charger,3,Electronics,CUST640,Female,51.0,S001,Main Store Jakarta,Jakarta,Indonesia,4.0,30.0,120.0,11.09,120.0
641,2023-11-23,11,4,2023,P014,Laptop,3,Electronics,CUST641,Female,40.0,S004,Medan Branch,Medan,Indonesia,1.0,300.0,300.0,14.58,300.0
642,2023-05-22,5,2,2023,P006,T-Shirt,2,Clothing,CUST642,Female,54.0,S001,Main Store Jakarta,Jakarta,Indonesia,4.0,25.0,100.0,19.7,100.0
643,2023-09-24,9,3,2023,P012,Charger,3,Electronics,CUST643,Female,28.0,S001,Main Store Jakarta,Jakarta,Indonesia,3.0,30.0,90.0,4.75,90.0
644,2023-09-06,9,3,2023,P001,Lipstick,1,Beauty,CUST644,Male,42.0,S001,Main Store Jakarta,Jakarta,Indonesia,3.0,25.0,75.0,9.78,75.0
645,2023-11-17,11,4,2023,P012,Charger,3,Electronics,CUST645,Female,35.0,S003,Bandung Store,Bandung,Indonesia,4.0,30.0,120.0,18.32,120.0
646,2023-05-03,5,2,2023,P007,Jeans,2,Clothing,CUST646,Male,38.0,S003,Bandung Store,Bandung,Indonesia,3.0,30.0,90.0,17.38,90.0
647,2023-05-21,5,2,2023,P010,Suit,2,Clothing,CUST647,Male,59.0,S001,Main Store Jakarta,Jakarta,Indonesia,3.0,500.0,1500.0,4.61,1500.0
648,2023-08-14,8,3,2023,P004,Skincare Set,1,Beauty,CUST648,Male,53.0,S003,Bandung Store,Bandung,Indonesia,4.0,300.0,1200.0,14.24,1200.0
649,2023-02-09,2,1,2023,P009,Dress,2,Clothing,CUST649,Female,58.0,S003,Bandung Store,Bandung,Indonesia,3.0,300.0,600.0,12.62,600.0
650,2024-01-01,1,1,2024,P012,Charger,3,Electronics,CUST650,Male,55.0,S003,Bandung Store,Bandung,Indonesia,1.0,30.0,30.0,7.76,30.0
651,2023-05-27,5,2,2023,P008,Jacket,2,Clothing,CUST651,Male,51.0,S002,Surabaya Outlet,Surabaya,Indonesia,3.0,50.0,150.0,4.96,150.0
652,2023-05-01,5,2,2023,P003,Perfume,1,Beauty,CUST652,Female,34.0,S005,Bali Shop,Bali,Indonesia,2.0,50.0,100.0,12.44,100.0
653,2023-05-20,5,2,2023,P006,T-Shirt,2,Clothing,CUST653,Male,54.0,S003,Bandung Store,Bandung,Indonesia,3.0,25.0,75.0,14.1,75.0
654,2023-06-21,6,2,2023,P006,T-Shirt,2,Clothing,CUST654,Male,42.0,S002,Surabaya Outlet,Surabaya,Indonesia,3.0,25.0,75.0,18.24,75.0
655,2023-06-13,6,2,2023,P010,Suit,2,Clothing,CUST655,Female,55.0,S003,Bandung Store,Bandung,Indonesia,1.0,500.0,500.0,4.19,500.0
656,2023-10-04,10,4,2023,P002,Face Cream,1,Beauty,CUST656,Male,29.0,S001,Main Store Jakarta,Jakarta,Indonesia,3.0,30.0,90.0,16.11,90.0
657,2023-02-11,2,1,2023,P006,T-Shirt,2,Clothing,CUST657,Male,40.0,S001,Main Store Jakarta,Jakarta,Indonesia,1.0,25.0,25.0,4.5,25.0
658,2023-03-12,3,1,2023,P006,T-Shirt,2,Clothing,CUST658,Male,59.0,S005,Bali Shop,Bali,Indonesia,3.0,25.0,25.0,14.02,25.0
659,2023-03-19,3,1,2023,P012,Charger,3,Electronics,CUST659,Female,39.0,S003,Bandung Store,Bandung,Indonesia,3.0,30.0,30.0,3.87,30.0
660,2023-04-29,4,2,2023,P005,Makeup Kit,1,Beauty,CUST660,Female,38.0,S004,Medan Branch,Medan,Indonesia,2.0,500.0,1000.0,11.665,1000.0
661,2023-07-16,7,3,2023,P006,T-Shirt,2,Clothing,CUST661,Female,44.0,S002,Surabaya Outlet,Surabaya,Indonesia,3.0,25.0,100.0,3.53,100.0
662,2023-12-22,12,4,2023,P005,Makeup Kit,1,Beauty,CUST662,Male,48.0,S004,Medan Branch,Medan,Indonesia,2.0,500.0,1000.0,2.2,1000.0
663,2023-03-20,3,1,2023,P009,Dress,2,Clothing,CUST663,Male,23.0,S005,Bali Shop,Bali,Indonesia,4.0,300.0,1200.0,3.01,1200.0
664,2023-12-28,12,4,2023,P010,Suit,2,Clothing,CUST664,Female,44.0,S002,Surabaya Outlet,Surabaya,Indonesia,4.0,500.0,2000.0,17.16,2000.0
665,2023-04-20,4,2,2023,P008,Jacket,2,Clothing,CUST665,Male,57.0,S002,Surabaya Outlet,Surabaya,Indonesia,1.0,50.0,50.0,4.14,50.0
668,2023-07-28,7,3,2023,P013,Smartwatch,3,Electronics,CUST668,Female,62.0,S002,Surabaya Outlet,Surabaya,Indonesia,3.0,50.0,150.0,19.6,150.0
669,2023-06-19,6,2,2023,P004,Skincare Set,1,Beauty,CUST669,Male,24.0,S003,Bandung Store,Bandung,Indonesia,4.0,300.0,1200.0,19.79,1200.0
670,2023-10-05,10,4,2023,P002,Face Cream,1,Beauty,CUST670,Male,27.0,S001,Main Store Jakarta,Jakarta,Indonesia,1.0,30.0,30.0,15.28,30.0
672,2023-08-01,8,3,2023,P003,Perfume,1,Beauty,CUST672,Female,34.0,S002,Surabaya Outlet,Surabaya,Indonesia,3.0,50.0,100.0,0.46,100.0
673,2023-02-01,2,1,2023,P010,Suit,2,Clothing,CUST673,Female,43.0,S001,Main Store Jakarta,Jakarta,Indonesia,3.0,500.0,1500.0,19.55,1500.0
674,2023-04-16,4,2,2023,P009,Dress,2,Clothing,CUST674,Female,38.0,S002,Surabaya Outlet,Surabaya,Indonesia,1.0,300.0,300.0,15.37,300.0
675,2023-08-04,8,3,2023,P007,Jeans,2,Clothing,CUST675,Female,42.0,S002,Surabaya Outlet,Surabaya,Indonesia,3.0,30.0,60.0,13.21,60.0
676,2023-07-19,7,3,2023,P015,Smartphone,3,Electronics,CUST676,Male,63.0,S001,Main Store Jakarta,Jakarta,Indonesia,3.0,500.0,1500.0,19.06,1500.0
677,2023-10-27,10,4,2023,P005,Makeup Kit,1,Beauty,CUST677,Female,19.0,S005,Bali Shop,Bali,Indonesia,3.0,500.0,1500.0,16.58,1500.0
678,2023-12-23,12,4,2023,P014,Laptop,3,Electronics,CUST678,Female,60.0,S004,Medan Branch,Medan,Indonesia,3.0,300.0,900.0,18.66,900.0
679,2023-01-11,1,1,2023,P002,Face Cream,1,Beauty,CUST679,Female,18.0,S002,Surabaya Outlet,Surabaya,Indonesia,3.0,30.0,90.0,0.22,90.0
680,2023-10-22,10,4,2023,P009,Dress,2,Clothing,CUST680,Female,53.0,S003,Bandung Store,Bandung,Indonesia,3.0,300.0,900.0,8.32,900.0
681,2023-07-14,7,3,2023,P012,Charger,3,Electronics,CUST681,Female,43.0,S005,Bali Shop,Bali,Indonesia,2.0,30.0,60.0,14.2,60.0
682,2023-09-02,9,3,2023,P004,Skincare Set,1,Beauty,CUST682,Male,46.0,S002,Surabaya Outlet,Surabaya,Indonesia,4.0,300.0,1200.0,5.64,1200.0
683,2023-01-04,1,1,2023,P005,Makeup Kit,1,Beauty,CUST683,Male,38.0,S003,Bandung Store,Bandung,Indonesia,2.0,500.0,1000.0,14.41,1000.0
684,2023-06-30,6,2,2023,P010,Suit,2,Clothing,CUST684,Female,28.0,S002,Surabaya Outlet,Surabaya,Indonesia,2.0,500.0,1000.0,17.84,1000.0
685,2023-06-02,6,2,2023,P011,Headphones,3,Electronics,CUST685,Male,57.0,S003,Bandung Store,Bandung,Indonesia,2.0,25.0,50.0,14.67,50.0
687,2023-08-03,8,3,2023,P014,Laptop,3,Electronics,CUST687,Female,53.0,S005,Bali Shop,Bali,Indonesia,1.0,300.0,300.0,8.0,300.0
688,2023-10-03,10,4,2023,P006,T-Shirt,2,Clothing,CUST688,Male,56.0,S001,Main Store Jakarta,Jakarta,Indonesia,4.0,25.0,100.0,11.55,100.0
689,2023-10-07,10,4,2023,P013,Smartwatch,3,Electronics,CUST689,Male,57.0,S003,Bandung Store,Bandung,Indonesia,3.0,50.0,100.0,8.97,100.0
690,2023-11-05,11,4,2023,P009,Dress,2,Clothing,CUST690,Female,52.0,S004,Medan Branch,Medan,Indonesia,3.0,300.0,900.0,15.84,900.0
691,2023-04-23,4,2,2023,P007,Jeans,2,Clothing,CUST691,Female,51.0,S005,Bali Shop,Bali,Indonesia,3.0,30.0,90.0,19.07,90.0
692,2023-09-07,9,3,2023,P008,Jacket,2,Clothing,CUST692,Female,64.0,S005,Bali Shop,Bali,Indonesia,2.0,50.0,100.0,2.79,100.0
694,2023-05-20,5,2,2023,P011,Headphones,3,Electronics,CUST694,Female,39.0,S004,Medan Branch,Medan,Indonesia,2.0,25.0,50.0,3.55,50.0
695,2023-08-12,8,3,2023,P013,Smartwatch,3,Electronics,CUST695,Female,22.0,S003,Bandung Store,Bandung,Indonesia,3.0,50.0,150.0,6.87,150.0
696,2023-09-06,9,3,2023,P008,Jacket,2,Clothing,CUST696,Female,50.0,S003,Bandung Store,Bandung,Indonesia,4.0,50.0,200.0,3.75,200.0
697,2023-01-15,1,1,2023,P010,Suit,2,Clothing,CUST697,Male,53.0,S004,Medan Branch,Medan,Indonesia,3.0,500.0,500.0,14.13,500.0
698,2023-07-19,7,3,2023,P014,Laptop,3,Electronics,CUST698,Female,64.0,S002,Surabaya Outlet,Surabaya,Indonesia,1.0,300.0,300.0,13.73,300.0
700,2023-12-09,12,4,2023,P015,Smartphone,3,Electronics,CUST700,Male,36.0,S001,Main Store Jakarta,Jakarta,Indonesia,4.0,500.0,2000.0,1.82,2000.0
701,2023-12-14,12,4,2023,P002,Face Cream,1,Beauty,CUST701,Female,52.0,S003,Bandung Store,Bandung,Indonesia,2.0,30.0,60.0,1.97,60.0
702,2023-07-27,7,3,2023,P009,Dress,2,Clothing,CUST702,Female,60.0,S004,Medan Branch,Medan,Indonesia,2.0,300.0,600.0,0.14,600.0
703,2023-03-26,3,1,2023,P013,Smartwatch,3,Electronics,CUST703,Male,34.0,S002,Surabaya Outlet,Surabaya,Indonesia,2.0,50.0,100.0,12.92,100.0
704,2023-08-28,8,3,2023,P007,Jeans,2,Clothing,CUST704,Female,62.0,S002,Surabaya Outlet,Surabaya,Indonesia,3.0,30.0,90.0,2.27,90.0
705,2023-03-07,3,1,2023,P011,Headphones,3,Electronics,CUST705,Male,60.0,S005,Bali Shop,Bali,Indonesia,2.0,25.0,50.0,0.52,50.0
706,2023-11-15,11,4,2023,P011,Headphones,3,Electronics,CUST706,Male,51.0,S002,Surabaya Outlet,Surabaya,Indonesia,4.0,25.0,100.0,14.34,100.0
707,2023-10-01,10,4,2023,P010,Suit,2,Clothing,CUST707,Female,26.0,S003,Bandung Store,Bandung,Indonesia,3.0,500.0,500.0,1.66,500.0
708,2023-01-14,1,1,2023,P004,Skincare Set,1,Beauty,CUST708,Female,43.0,S003,Bandung Store,Bandung,Indonesia,3.0,300.0,900.0,18.55,900.0
709,2023-07-21,7,3,2023,P015,Smartphone,3,Electronics,CUST709,Female,19.0,S005,Bali Shop,Bali,Indonesia,3.0,500.0,1000.0,16.53,1000.0
710,2023-10-31,10,4,2023,P015,Smartphone,3,Electronics,CUST710,Female,26.0,S001,Main Store Jakarta,Jakarta,Indonesia,3.0,500.0,1500.0,1.46,1500.0
711,2023-10-16,10,4,2023,P015,Smartphone,3,Electronics,CUST711,Male,26.0,S003,Bandung Store,Bandung,Indonesia,3.0,500.0,1500.0,10.87,1500.0
712,2023-12-06,12,4,2023,P001,Lipstick,1,Beauty,CUST712,Female,57.0,S002,Surabaya Outlet,Surabaya,Indonesia,2.0,25.0,50.0,12.78,50.0
713,2023-01-14,1,1,2023,P001,Lipstick,1,Beauty,CUST713,Male,34.0,S005,Bali Shop,Bali,Indonesia,3.0,25.0,75.0,1.51,75.0
715,2023-11-26,11,4,2023,P001,Lipstick,1,Beauty,CUST715,Female,42.0,S004,Medan Branch,Medan,Indonesia,3.0,25.0,100.0,5.5,100.0
716,2023-08-08,8,3,2023,P009,Dress,2,Clothing,CUST716,Female,60.0,S003,Bandung Store,Bandung,Indonesia,4.0,300.0,1200.0,7.14,1200.0
717,2023-03-11,3,1,2023,P010,Suit,2,Clothing,CUST717,Male,57.0,S004,Medan Branch,Medan,Indonesia,1.0,500.0,500.0,19.12,500.0
718,2023-08-25,8,3,2023,P001,Lipstick,1,Beauty,CUST718,Female,59.0,S002,Surabaya Outlet,Surabaya,Indonesia,3.0,25.0,75.0,3.81,75.0
719,2023-04-04,4,2,2023,P007,Jeans,2,Clothing,CUST719,Female,42.0,S003,Bandung Store,Bandung,Indonesia,2.0,30.0,60.0,5.0,60.0
720,2023-01-26,1,1,2023,P005,Makeup Kit,1,Beauty,CUST720,Female,56.0,S002,Surabaya Outlet,Surabaya,Indonesia,3.0,500.0,1500.0,7.2,1500.0
721,2023-05-14,5,2,2023,P010,Suit,2,Clothing,CUST721,Female,42.0,S001,Main Store Jakarta,Jakarta,Indonesia,1.0,500.0,500.0,14.41,500.0
722,2023-07-14,7,3,2023,P004,Skincare Set,1,Beauty,CUST722,Male,20.0,S002,Surabaya Outlet,Surabaya,Indonesia,3.0,300.0,900.0,12.305,900.0
723,2023-06-17,6,2,2023,P003,Perfume,1,Beauty,CUST723,Female,54.0,S002,Surabaya Outlet,Surabaya,Indonesia,4.0,50.0,200.0,5.46,200.0
724,2023-04-19,4,2,2023,P008,Jacket,2,Clothing,CUST724,Male,61.0,S003,Bandung Store,Bandung,Indonesia,3.0,50.0,150.0,10.24,150.0
725,2023-08-21,8,3,2023,P014,Laptop,3,Electronics,CUST725,Male,61.0,S005,Bali Shop,Bali,Indonesia,3.0,300.0,300.0,12.06,300.0
726,2023-06-17,6,2,2023,P009,Dress,2,Clothing,CUST726,Male,47.0,S004,Medan Branch,Medan,Indonesia,3.0,300.0,1200.0,5.62,1200.0
727,2023-06-22,6,2,2023,P004,Skincare Set,1,Beauty,CUST727,Male,55.0,S001,Main Store Jakarta,Jakarta,Indonesia,3.0,300.0,900.0,16.37,900.0
728,2023-07-14,7,3,2023,P013,Smartwatch,3,Electronics,CUST728,Male,51.0,S003,Bandung Store,Bandung,Indonesia,3.0,50.0,150.0,9.46,150.0
729,2023-05-23,5,2,2023,P009,Dress,2,Clothing,CUST729,Male,29.0,S001,Main Store Jakarta,Jakarta,Indonesia,4.0,300.0,1200.0,13.14,1200.0
730,2023-08-04,8,3,2023,P006,T-Shirt,2,Clothing,CUST730,Female,36.0,S005,Bali Shop,Bali,Indonesia,2.0,25.0,50.0,15.47,50.0
731,2023-05-10,5,2,2023,P010,Suit,2,Clothing,CUST731,Male,54.0,S004,Medan Branch,Medan,Indonesia,3.0,500.0,2000.0,5.53,2000.0
732,2023-02-11,2,1,2023,P015,Smartphone,3,Electronics,CUST732,Male,61.0,S001,Main Store Jakarta,Jakarta,Indonesia,2.0,500.0,1000.0,12.88,1000.0
733,2023-08-29,8,3,2023,P002,Face Cream,1,Beauty,CUST733,Male,34.0,S005,Bali Shop,Bali,Indonesia,1.0,30.0,30.0,19.19,30.0
734,2023-01-10,1,1,2023,P007,Jeans,2,Clothing,CUST734,Female,27.0,S003,Bandung Store,Bandung,Indonesia,1.0,30.0,30.0,15.33,30.0
735,2023-10-04,10,4,2023,P010,Suit,2,Clothing,CUST735,Female,64.0,S004,Medan Branch,Medan,Indonesia,3.0,500.0,2000.0,6.29,2000.0
736,2023-01-27,1,1,2023,P006,T-Shirt,2,Clothing,CUST736,Male,29.0,S004,Medan Branch,Medan,Indonesia,4.0,25.0,100.0,13.65,100.0
737,2023-06-29,6,2,2023,P008,Jacket,2,Clothing,CUST737,Female,33.0,S004,Medan Branch,Medan,Indonesia,3.0,50.0,50.0,0.03,50.0
738,2023-04-25,4,2,2023,P008,Jacket,2,Clothing,CUST738,Male,41.0,S002,Surabaya Outlet,Surabaya,Indonesia,3.0,50.0,100.0,2.69,100.0
740,2023-02-05,2,1,2023,P003,Perfume,1,Beauty,CUST740,Female,25.0,S002,Surabaya Outlet,Surabaya,Indonesia,4.0,50.0,200.0,12.7,200.0
741,2023-11-30,11,4,2023,P009,Dress,2,Clothing,CUST741,Male,48.0,S003,Bandung Store,Bandung,Indonesia,1.0,300.0,300.0,9.28,300.0
742,2023-01-21,1,1,2023,P015,Smartphone,3,Electronics,CUST742,Female,38.0,S002,Surabaya Outlet,Surabaya,Indonesia,4.0,500.0,2000.0,11.87,2000.0
743,2023-01-16,1,1,2023,P005,Makeup Kit,1,Beauty,CUST743,Female,34.0,S002,Surabaya Outlet,Surabaya,Indonesia,4.0,500.0,2000.0,1.77,2000.0
744,2023-05-07,5,2,2023,P011,Headphones,3,Electronics,CUST744,Male,40.0,S001,Main Store Jakarta,Jakarta,Indonesia,1.0,25.0,25.0,11.785,25.0
745,2023-04-13,4,2,2023,P003,Perfume,1,Beauty,CUST745,Male,54.0,S005,Bali Shop,Bali,Indonesia,2.0,50.0,100.0,0.08,100.0
746,2023-01-11,1,1,2023,P007,Jeans,2,Clothing,CUST746,Female,33.0,S002,Surabaya Outlet,Surabaya,Indonesia,3.0,30.0,90.0,2.46,90.0
747,2023-11-15,11,4,2023,P002,Face Cream,1,Beauty,CUST747,Male,23.0,S003,Bandung Store,Bandung,Indonesia,1.0,30.0,30.0,11.06,30.0
748,2023-03-20,3,1,2023,P008,Jacket,2,Clothing,CUST748,Male,25.0,S005,Bali Shop,Bali,Indonesia,3.0,50.0,150.0,8.43,150.0
749,2023-05-03,5,2,2023,P002,Face Cream,1,Beauty,CUST749,Male,42.0,S001,Main Store Jakarta,Jakarta,Indonesia,1.0,30.0,30.0,17.79,30.0
750,2023-03-06,3,1,2023,P006,T-Shirt,2,Clothing,CUST750,Female,35.0,S005,Bali Shop,Bali,Indonesia,3.0,25.0,75.0,13.55,75.0
751,2023-08-31,8,3,2023,P006,T-Shirt,2,Clothing,CUST751,Female,42.0,S002,Surabaya Outlet,Surabaya,Indonesia,2.0,25.0,50.0,10.03,50.0
752,2023-12-09,12,4,2023,P008,Jacket,2,Clothing,CUST752,Male,29.0,S003,Bandung Store,Bandung,Indonesia,2.0,50.0,100.0,9.73,100.0
753,2023-02-28,2,1,2023,P007,Jeans,2,Clothing,CUST753,Female,32.0,S001,Main Store Jakarta,Jakarta,Indonesia,1.0,30.0,30.0,4.77,30.0
754,2023-10-16,10,4,2023,P011,Headphones,3,Electronics,CUST754,Female,43.0,S005,Bali Shop,Bali,Indonesia,3.0,25.0,100.0,0.25,100.0
755,2023-04-22,4,2,2023,P006,T-Shirt,2,Clothing,CUST755,Female,58.0,S003,Bandung Store,Bandung,Indonesia,3.0,25.0,75.0,8.8,75.0
756,2023-08-27,8,3,2023,P014,Laptop,3,Electronics,CUST756,Female,62.0,S001,Main Store Jakarta,Jakarta,Indonesia,3.0,300.0,1200.0,3.38,1200.0
757,2023-12-25,12,4,2023,P014,Laptop,3,Electronics,CUST757,Female,43.0,S005,Bali Shop,Bali,Indonesia,4.0,300.0,1200.0,13.49,1200.0
758,2023-05-12,5,2,2023,P006,T-Shirt,2,Clothing,CUST758,Male,64.0,S005,Bali Shop,Bali,Indonesia,3.0,25.0,100.0,10.03,100.0
759,2023-07-08,7,3,2023,P013,Smartwatch,3,Electronics,CUST759,Male,49.0,S002,Surabaya Outlet,Surabaya,Indonesia,2.0,50.0,100.0,12.05,100.0
761,2023-11-07,11,4,2023,P010,Suit,2,Clothing,CUST761,Female,33.0,S005,Bali Shop,Bali,Indonesia,1.0,500.0,500.0,10.34,500.0
762,2023-11-07,11,4,2023,P011,Headphones,3,Electronics,CUST762,Female,24.0,S003,Bandung Store,Bandung,Indonesia,2.0,25.0,50.0,8.95,50.0
763,2023-02-28,2,1,2023,P006,T-Shirt,2,Clothing,CUST763,Male,34.0,S002,Surabaya Outlet,Surabaya,Indonesia,3.0,25.0,50.0,18.67,50.0
764,2023-03-25,3,1,2023,P006,T-Shirt,2,Clothing,CUST764,Female,40.0,S002,Surabaya Outlet,Surabaya,Indonesia,1.0,25.0,25.0,19.27,25.0
766,2023-02-25,2,1,2023,P014,Laptop,3,Electronics,CUST766,Male,38.0,S004,Medan Branch,Medan,Indonesia,3.0,300.0,900.0,13.77,900.0
768,2023-01-14,1,1,2023,P001,Lipstick,1,Beauty,CUST768,Female,24.0,S002,Surabaya Outlet,Surabaya,Indonesia,3.0,25.0,75.0,10.71,75.0
769,2023-06-09,6,2,2023,P012,Charger,3,Electronics,CUST769,Female,31.0,S003,Bandung Store,Bandung,Indonesia,4.0,30.0,120.0,6.95,120.0
770,2023-10-22,10,4,2023,P008,Jacket,2,Clothing,CUST770,Male,32.0,S005,Bali Shop,Bali,Indonesia,3.0,50.0,50.0,19.3,50.0
771,2023-12-13,12,4,2023,P011,Headphones,3,Electronics,CUST771,Male,24.0,S001,Main Store Jakarta,Jakarta,Indonesia,2.0,25.0,50.0,14.35,50.0
772,2023-07-12,7,3,2023,P012,Charger,3,Electronics,CUST772,Male,26.0,S002,Surabaya Outlet,Surabaya,Indonesia,1.0,30.0,30.0,10.99,30.0
773,2023-07-23,7,3,2023,P015,Smartphone,3,Electronics,CUST773,Male,25.0,S003,Bandung Store,Bandung,Indonesia,4.0,500.0,2000.0,15.16,2000.0
774,2023-04-12,4,2,2023,P006,T-Shirt,2,Clothing,CUST774,Female,40.0,S002,Surabaya Outlet,Surabaya,Indonesia,2.0,25.0,50.0,14.3,50.0
775,2023-02-08,2,1,2023,P011,Headphones,3,Electronics,CUST775,Female,46.0,S002,Surabaya Outlet,Surabaya,Indonesia,4.0,25.0,100.0,4.13,100.0
776,2023-10-31,10,4,2023,P007,Jeans,2,Clothing,CUST776,Male,35.0,S005,Bali Shop,Bali,Indonesia,3.0,30.0,90.0,12.69,90.0
777,2023-12-20,12,4,2023,P013,Smartwatch,3,Electronics,CUST777,Male,48.0,S003,Bandung Store,Bandung,Indonesia,3.0,50.0,150.0,5.97,150.0
778,2023-11-18,11,4,2023,P001,Lipstick,1,Beauty,CUST778,Female,47.0,S004,Medan Branch,Medan,Indonesia,3.0,25.0,100.0,18.22,100.0
779,2023-05-05,5,2,2023,P015,Smartphone,3,Electronics,CUST779,Female,56.0,S001,Main Store Jakarta,Jakarta,Indonesia,2.0,500.0,1000.0,17.49,1000.0
780,2023-02-22,2,1,2023,P011,Headphones,3,Electronics,CUST780,Male,52.0,S004,Medan Branch,Medan,Indonesia,2.0,25.0,50.0,19.15,50.0
781,2023-12-23,12,4,2023,P005,Makeup Kit,1,Beauty,CUST781,Male,35.0,S003,Bandung Store,Bandung,Indonesia,1.0,500.0,500.0,12.86,500.0
782,2023-06-04,6,2,2023,P009,Dress,2,Clothing,CUST782,Male,59.0,S001,Main Store Jakarta,Jakarta,Indonesia,3.0,300.0,900.0,5.65,900.0
783,2023-12-17,12,4,2023,P009,Dress,2,Clothing,CUST783,Female,56.0,S001,Main Store Jakarta,Jakarta,Indonesia,1.0,300.0,300.0,18.5,300.0
784,2023-11-04,11,4,2023,P015,Smartphone,3,Electronics,CUST784,Female,42.0,S003,Bandung Store,Bandung,Indonesia,3.0,500.0,500.0,14.11,500.0
785,2023-03-03,3,1,2023,P003,Perfume,1,Beauty,CUST785,Female,31.0,S004,Medan Branch,Medan,Indonesia,4.0,50.0,200.0,2.64,200.0
786,2023-10-17,10,4,2023,P006,T-Shirt,2,Clothing,CUST786,Male,48.0,S005,Bali Shop,Bali,Indonesia,4.0,25.0,100.0,10.03,100.0
787,2023-01-22,1,1,2023,P011,Headphones,3,Electronics,CUST787,Male,41.0,S002,Surabaya Outlet,Surabaya,Indonesia,1.0,25.0,25.0,11.42,25.0
788,2023-06-27,6,2,2023,P004,Skincare Set,1,Beauty,CUST788,Female,52.0,S005,Bali Shop,Bali,Indonesia,3.0,300.0,900.0,6.26,900.0
789,2023-09-30,9,3,2023,P010,Suit,2,Clothing,CUST789,Female,61.0,S003,Bandung Store,Bandung,Indonesia,3.0,500.0,2000.0,6.38,2000.0
790,2023-08-08,8,3,2023,P006,T-Shirt,2,Clothing,CUST790,Male,62.0,S003,Bandung Store,Bandung,Indonesia,3.0,25.0,25.0,13.04,25.0
791,2023-12-05,12,4,2023,P001,Lipstick,1,Beauty,CUST791,Female,51.0,S002,Surabaya Outlet,Surabaya,Indonesia,1.0,25.0,25.0,4.68,25.0
792,2023-07-09,7,3,2023,P003,Perfume,1,Beauty,CUST792,Female,20.0,S004,Medan Branch,Medan,Indonesia,1.0,50.0,50.0,4.93,50.0
793,2023-02-05,2,1,2023,P002,Face Cream,1,Beauty,CUST793,Male,54.0,S002,Surabaya Outlet,Surabaya,Indonesia,3.0,30.0,30.0,13.75,30.0
795,2023-11-28,11,4,2023,P014,Laptop,3,Electronics,CUST795,Male,57.0,S001,Main Store Jakarta,Jakarta,Indonesia,1.0,300.0,300.0,14.39,300.0
796,2023-06-24,6,2,2023,P002,Face Cream,1,Beauty,CUST796,Male,43.0,S003,Bandung Store,Bandung,Indonesia,3.0,30.0,120.0,11.06,120.0
797,2023-01-07,1,1,2023,P006,T-Shirt,2,Clothing,CUST797,Male,40.0,S003,Bandung Store,Bandung,Indonesia,3.0,25.0,75.0,14.68,75.0
798,2023-08-04,8,3,2023,P008,Jacket,2,Clothing,CUST798,Male,61.0,S005,Bali Shop,Bali,Indonesia,1.0,50.0,50.0,0.96,50.0
799,2023-09-08,9,3,2023,P013,Smartwatch,3,Electronics,CUST799,Male,56.0,S005,Bali Shop,Bali,Indonesia,2.0,50.0,100.0,8.7,100.0
800,2023-02-24,2,1,2023,P009,Dress,2,Clothing,CUST800,Male,32.0,S005,Bali Shop,Bali,Indonesia,3.0,300.0,1200.0,9.28,1200.0
801,2023-08-10,8,3,2023,P008,Jacket,2,Clothing,CUST801,Male,42.0,S005,Bali Shop,Bali,Indonesia,4.0,50.0,200.0,9.53,200.0
802,2023-07-05,7,3,2023,P002,Face Cream,1,Beauty,CUST802,Female,42.0,S002,Surabaya Outlet,Surabaya,Indonesia,1.0,30.0,30.0,11.06,30.0
803,2023-11-22,11,4,2023,P006,T-Shirt,2,Clothing,CUST803,Male,39.0,S001,Main Store Jakarta,Jakarta,Indonesia,3.0,25.0,100.0,1.83,100.0
804,2023-08-24,8,3,2023,P012,Charger,3,Electronics,CUST804,Male,42.0,S004,Medan Branch,Medan,Indonesia,1.0,30.0,30.0,5.76,30.0
805,2023-12-29,12,4,2023,P005,Makeup Kit,1,Beauty,CUST805,Female,30.0,S002,Surabaya Outlet,Surabaya,Indonesia,3.0,500.0,1500.0,12.24,1500.0
806,2023-03-20,3,1,2023,P004,Skincare Set,1,Beauty,CUST806,Female,35.0,S005,Bali Shop,Bali,Indonesia,3.0,300.0,900.0,2.54,900.0
807,2023-08-11,8,3,2023,P013,Smartwatch,3,Electronics,CUST807,Female,50.0,S004,Medan Branch,Medan,Indonesia,4.0,50.0,200.0,0.38,200.0
808,2023-04-01,4,2,2023,P005,Makeup Kit,1,Beauty,CUST808,Male,42.0,S003,Bandung Store,Bandung,Indonesia,4.0,500.0,2000.0,5.18,2000.0
809,2023-09-25,9,3,2023,P003,Perfume,1,Beauty,CUST809,Female,62.0,S005,Bali Shop,Bali,Indonesia,2.0,50.0,100.0,10.13,100.0
810,2023-11-30,11,4,2023,P011,Headphones,3,Electronics,CUST810,Male,59.0,S005,Bali Shop,Bali,Indonesia,3.0,25.0,100.0,16.63,100.0
811,2023-05-19,5,2,2023,P001,Lipstick,1,Beauty,CUST811,Male,61.0,S004,Medan Branch,Medan,Indonesia,2.0,25.0,50.0,4.51,50.0
812,2023-11-12,11,4,2023,P011,Headphones,3,Electronics,CUST812,Male,19.0,S002,Surabaya Outlet,Surabaya,Indonesia,3.0,25.0,75.0,18.3,75.0
813,2023-10-03,10,4,2023,P013,Smartwatch,3,Electronics,CUST813,Male,52.0,S001,Main Store Jakarta,Jakarta,Indonesia,3.0,50.0,150.0,7.28,150.0
814,2023-09-05,9,3,2023,P010,Suit,2,Clothing,CUST814,Female,59.0,S004,Medan Branch,Medan,Indonesia,1.0,500.0,500.0,0.14,500.0
815,2023-08-27,8,3,2023,P006,T-Shirt,2,Clothing,CUST815,Female,51.0,S003,Bandung Store,Bandung,Indonesia,3.0,25.0,75.0,13.4,75.0
816,2023-08-12,8,3,2023,P005,Makeup Kit,1,Beauty,CUST816,Male,47.0,S002,Surabaya Outlet,Surabaya,Indonesia,2.0,500.0,1000.0,16.09,1000.0
817,2023-10-31,10,4,2023,P003,Perfume,1,Beauty,CUST817,Male,30.0,S001,Main Store Jakarta,Jakarta,Indonesia,3.0,50.0,200.0,0.56,200.0
818,2023-05-18,5,2,2023,P015,Smartphone,3,Electronics,CUST818,Male,30.0,S001,Main Store Jakarta,Jakarta,Indonesia,3.0,500.0,500.0,10.73,500.0
819,2023-06-15,6,2,2023,P003,Perfume,1,Beauty,CUST819,Female,35.0,S003,Bandung Store,Bandung,Indonesia,3.0,50.0,100.0,6.14,100.0
820,2023-05-06,5,2,2023,P013,Smartwatch,3,Electronics,CUST820,Male,49.0,S001,Main Store Jakarta,Jakarta,Indonesia,4.0,50.0,200.0,6.96,200.0
821,2023-02-14,2,1,2023,P014,Laptop,3,Electronics,CUST821,Male,49.0,S002,Surabaya Outlet,Surabaya,Indonesia,3.0,300.0,300.0,10.16,300.0
822,2023-05-23,5,2,2023,P003,Perfume,1,Beauty,CUST822,Female,52.0,S003,Bandung Store,Bandung,Indonesia,3.0,50.0,150.0,15.58,150.0
823,2023-08-19,8,3,2023,P013,Smartwatch,3,Electronics,CUST823,Female,56.0,S004,Medan Branch,Medan,Indonesia,2.0,50.0,100.0,17.7,100.0
824,2023-05-05,5,2,2023,P007,Jeans,2,Clothing,CUST824,Male,63.0,S005,Bali Shop,Bali,Indonesia,4.0,30.0,120.0,5.3,120.0
825,2023-08-26,8,3,2023,P001,Lipstick,1,Beauty,CUST825,Female,46.0,S002,Surabaya Outlet,Surabaya,Indonesia,1.0,25.0,25.0,19.87,25.0
826,2023-10-19,10,4,2023,P009,Dress,2,Clothing,CUST826,Female,46.0,S003,Bandung Store,Bandung,Indonesia,1.0,300.0,300.0,4.48,300.0
827,2023-11-09,11,4,2023,P004,Skincare Set,1,Beauty,CUST827,Male,61.0,S003,Bandung Store,Bandung,Indonesia,3.0,300.0,900.0,19.65,900.0
828,2023-12-09,12,4,2023,P014,Laptop,3,Electronics,CUST828,Female,33.0,S004,Medan Branch,Medan,Indonesia,3.0,300.0,1200.0,5.0,1200.0
829,2023-07-14,7,3,2023,P002,Face Cream,1,Beauty,CUST829,Male,61.0,S002,Surabaya Outlet,Surabaya,Indonesia,3.0,30.0,90.0,12.97,90.0
830,2023-06-22,6,2,2023,P008,Jacket,2,Clothing,CUST830,Female,64.0,S003,Bandung Store,Bandung,Indonesia,3.0,50.0,150.0,2.75,150.0
831,2023-01-15,1,1,2023,P011,Headphones,3,Electronics,CUST831,Male,27.0,S002,Surabaya Outlet,Surabaya,Indonesia,4.0,25.0,100.0,12.13,100.0
832,2023-09-11,9,3,2023,P005,Makeup Kit,1,Beauty,CUST832,Male,47.0,S003,Bandung Store,Bandung,Indonesia,3.0,500.0,2000.0,19.38,2000.0
833,2023-06-16,6,2,2023,P003,Perfume,1,Beauty,CUST833,Male,42.0,S005,Bali Shop,Bali,Indonesia,4.0,50.0,200.0,7.48,200.0
834,2023-04-04,4,2,2023,P002,Face Cream,1,Beauty,CUST834,Female,56.0,S002,Surabaya Outlet,Surabaya,Indonesia,3.0,30.0,60.0,2.88,60.0
835,2023-09-07,9,3,2023,P008,Jacket,2,Clothing,CUST835,Male,37.0,S004,Medan Branch,Medan,Indonesia,4.0,50.0,200.0,14.69,200.0
836,2023-04-19,4,2,2023,P008,Jacket,2,Clothing,CUST836,Female,22.0,S003,Bandung Store,Bandung,Indonesia,1.0,50.0,50.0,14.67,50.0
837,2023-07-01,7,3,2023,P002,Face Cream,1,Beauty,CUST837,Male,18.0,S001,Main Store Jakarta,Jakarta,Indonesia,3.0,30.0,90.0,5.05,90.0
838,2023-05-13,5,2,2023,P014,Laptop,3,Electronics,CUST838,Male,42.0,S004,Medan Branch,Medan,Indonesia,2.0,300.0,600.0,18.49,600.0
839,2023-06-24,6,2,2023,P014,Laptop,3,Electronics,CUST839,Female,20.0,S005,Bali Shop,Bali,Indonesia,4.0,300.0,1200.0,16.85,1200.0
840,2023-05-24,5,2,2023,P006,T-Shirt,2,Clothing,CUST840,Male,62.0,S001,Main Store Jakarta,Jakarta,Indonesia,2.0,25.0,50.0,7.19,50.0
841,2023-11-02,11,4,2023,P011,Headphones,3,Electronics,CUST841,Male,31.0,S001,Main Store Jakarta,Jakarta,Indonesia,4.0,25.0,100.0,13.01,100.0
842,2023-12-26,12,4,2023,P009,Dress,2,Clothing,CUST842,Female,47.0,S004,Medan Branch,Medan,Indonesia,2.0,300.0,600.0,17.55,600.0
843,2023-05-22,5,2,2023,P005,Makeup Kit,1,Beauty,CUST843,Male,21.0,S002,Surabaya Outlet,Surabaya,Indonesia,3.0,500.0,1500.0,17.21,1500.0
844,2023-10-12,10,4,2023,P008,Jacket,2,Clothing,CUST844,Male,35.0,S002,Surabaya Outlet,Surabaya,Indonesia,3.0,50.0,150.0,3.65,150.0
845,2023-01-06,1,1,2023,P010,Suit,2,Clothing,CUST845,Male,54.0,S001,Main Store Jakarta,Jakarta,Indonesia,1.0,500.0,500.0,7.42,500.0
846,2023-09-22,9,3,2023,P003,Perfume,1,Beauty,CUST846,Male,42.0,S002,Surabaya Outlet,Surabaya,Indonesia,1.0,50.0,50.0,13.23,50.0
847,2023-04-08,4,2,2023,P014,Laptop,3,Electronics,CUST847,Female,18.0,S005,Bali Shop,Bali,Indonesia,4.0,300.0,1200.0,13.74,1200.0
849,2023-05-04,5,2,2023,P006,T-Shirt,2,Clothing,CUST849,Male,32.0,S001,Main Store Jakarta,Jakarta,Indonesia,2.0,25.0,50.0,10.03,50.0
850,2023-07-28,7,3,2023,P005,Makeup Kit,1,Beauty,CUST850,Female,26.0,S003,Bandung Store,Bandung,Indonesia,2.0,500.0,1000.0,11.665,1000.0
851,2023-09-08,9,3,2023,P011,Headphones,3,Electronics,CUST851,Male,32.0,S003,Bandung Store,Bandung,Indonesia,2.0,25.0,50.0,5.81,50.0
852,2023-10-12,10,4,2023,P009,Dress,2,Clothing,CUST852,Female,41.0,S005,Bali Shop,Bali,Indonesia,3.0,300.0,300.0,17.7,300.0
853,2023-05-04,5,2,2023,P005,Makeup Kit,1,Beauty,CUST853,Male,21.0,S003,Bandung Store,Bandung,Indonesia,2.0,500.0,1000.0,8.83,1000.0
854,2023-12-20,12,4,2023,P008,Jacket,2,Clothing,CUST854,Male,29.0,S005,Bali Shop,Bali,Indonesia,1.0,50.0,50.0,1.04,50.0
855,2023-09-01,9,3,2023,P001,Lipstick,1,Beauty,CUST855,Male,54.0,S001,Main Store Jakarta,Jakarta,Indonesia,1.0,25.0,25.0,8.72,25.0
856,2023-11-27,11,4,2023,P012,Charger,3,Electronics,CUST856,Male,54.0,S003,Bandung Store,Bandung,Indonesia,3.0,30.0,120.0,7.5,120.0
857,2023-12-31,12,4,2023,P011,Headphones,3,Electronics,CUST857,Male,60.0,S004,Medan Branch,Medan,Indonesia,2.0,25.0,50.0,9.67,50.0
858,2023-09-09,9,3,2023,P013,Smartwatch,3,Electronics,CUST858,Male,23.0,S002,Surabaya Outlet,Surabaya,Indonesia,3.0,50.0,100.0,2.33,100.0
859,2023-08-18,8,3,2023,P015,Smartphone,3,Electronics,CUST859,Female,56.0,S003,Bandung Store,Bandung,Indonesia,3.0,500.0,1500.0,1.96,1500.0
860,2023-01-09,1,1,2023,P008,Jacket,2,Clothing,CUST860,Male,63.0,S003,Bandung Store,Bandung,Indonesia,4.0,50.0,200.0,17.59,200.0
861,2023-02-17,2,1,2023,P007,Jeans,2,Clothing,CUST861,Female,41.0,S005,Bali Shop,Bali,Indonesia,3.0,30.0,90.0,14.51,90.0
862,2023-05-31,5,2,2023,P014,Laptop,3,Electronics,CUST862,Male,28.0,S003,Bandung Store,Bandung,Indonesia,4.0,300.0,1200.0,4.36,1200.0
863,2023-04-24,4,2,2023,P011,Headphones,3,Electronics,CUST863,Female,30.0,S004,Medan Branch,Medan,Indonesia,3.0,25.0,50.0,17.63,50.0
864,2023-07-27,7,3,2023,P015,Smartphone,3,Electronics,CUST864,Female,51.0,S004,Medan Branch,Medan,Indonesia,1.0,500.0,500.0,15.91,500.0
865,2023-12-21,12,4,2023,P009,Dress,2,Clothing,CUST865,Female,42.0,S003,Bandung Store,Bandung,Indonesia,1.0,300.0,300.0,4.27,300.0
866,2023-05-05,5,2,2023,P013,Smartwatch,3,Electronics,CUST866,Male,24.0,S003,Bandung Store,Bandung,Indonesia,3.0,50.0,50.0,3.17,50.0
867,2023-06-06,6,2,2023,P015,Smartphone,3,Electronics,CUST867,Male,21.0,S004,Medan Branch,Medan,Indonesia,3.0,500.0,500.0,17.32,500.0
868,2023-12-06,12,4,2023,P014,Laptop,3,Electronics,CUST868,Female,25.0,S003,Bandung Store,Bandung,Indonesia,1.0,300.0,300.0,10.43,300.0
869,2023-10-25,10,4,2023,P005,Makeup Kit,1,Beauty,CUST869,Male,37.0,S004,Medan Branch,Medan,Indonesia,3.0,500.0,1500.0,18.71,1500.0
870,2023-07-08,7,3,2023,P012,Charger,3,Electronics,CUST870,Female,46.0,S001,Main Store Jakarta,Jakarta,Indonesia,4.0,30.0,120.0,14.93,120.0
871,2023-08-31,8,3,2023,P002,Face Cream,1,Beauty,CUST871,Male,62.0,S003,Bandung Store,Bandung,Indonesia,2.0,30.0,60.0,9.48,60.0
872,2023-10-11,10,4,2023,P001,Lipstick,1,Beauty,CUST872,Female,63.0,S004,Medan Branch,Medan,Indonesia,3.0,25.0,75.0,8.31,75.0
874,2023-06-26,6,2,2023,P002,Face Cream,1,Beauty,CUST874,Male,60.0,S002,Surabaya Outlet,Surabaya,Indonesia,3.0,30.0,30.0,7.64,30.0
875,2023-08-06,8,3,2023,P015,Smartphone,3,Electronics,CUST875,Female,51.0,S004,Medan Branch,Medan,Indonesia,4.0,500.0,2000.0,3.83,2000.0
876,2023-10-09,10,4,2023,P007,Jeans,2,Clothing,CUST876,Male,43.0,S001,Main Store Jakarta,Jakarta,Indonesia,4.0,30.0,120.0,14.91,120.0
877,2023-06-19,6,2,2023,P006,T-Shirt,2,Clothing,CUST877,Female,58.0,S004,Medan Branch,Medan,Indonesia,1.0,25.0,25.0,16.68,25.0
878,2023-06-30,6,2,2023,P007,Jeans,2,Clothing,CUST878,Female,20.0,S003,Bandung Store,Bandung,Indonesia,1.0,30.0,30.0,13.01,30.0
879,2023-12-26,12,4,2023,P007,Jeans,2,Clothing,CUST879,Male,23.0,S002,Surabaya Outlet,Surabaya,Indonesia,1.0,30.0,30.0,15.21,30.0
880,2023-08-21,8,3,2023,P005,Makeup Kit,1,Beauty,CUST880,Male,22.0,S004,Medan Branch,Medan,Indonesia,2.0,500.0,1000.0,4.6,1000.0
881,2023-05-19,5,2,2023,P014,Laptop,3,Electronics,CUST881,Male,22.0,S001,Main Store Jakarta,Jakarta,Indonesia,3.0,300.0,300.0,14.47,300.0
882,2023-06-06,6,2,2023,P011,Headphones,3,Electronics,CUST882,Female,64.0,S002,Surabaya Outlet,Surabaya,Indonesia,2.0,25.0,50.0,11.4,50.0
883,2023-05-09,5,2,2023,P015,Smartphone,3,Electronics,CUST883,Male,40.0,S002,Surabaya Outlet,Surabaya,Indonesia,1.0,500.0,500.0,10.86,500.0
884,2023-04-29,4,2,2023,P007,Jeans,2,Clothing,CUST884,Female,26.0,S003,Bandung Store,Bandung,Indonesia,2.0,30.0,60.0,19.49,60.0
885,2023-03-03,3,1,2023,P007,Jeans,2,Clothing,CUST885,Female,52.0,S004,Medan Branch,Medan,Indonesia,4.0,30.0,120.0,7.05,120.0
886,2023-04-09,4,2,2023,P014,Laptop,3,Electronics,CUST886,Male,37.0,S001,Main Store Jakarta,Jakarta,Indonesia,3.0,300.0,900.0,15.14,900.0
887,2023-06-11,6,2,2023,P006,T-Shirt,2,Clothing,CUST887,Male,59.0,S003,Bandung Store,Bandung,Indonesia,4.0,25.0,100.0,8.36,100.0
888,2023-03-03,3,1,2023,P011,Headphones,3,Electronics,CUST888,Female,52.0,S001,Main Store Jakarta,Jakarta,Indonesia,4.0,25.0,100.0,16.04,100.0
889,2023-10-02,10,4,2023,P013,Smartwatch,3,Electronics,CUST889,Female,35.0,S005,Bali Shop,Bali,Indonesia,3.0,50.0,50.0,16.56,50.0
890,2023-12-20,12,4,2023,P011,Headphones,3,Electronics,CUST890,Male,34.0,S003,Bandung Store,Bandung,Indonesia,3.0,25.0,50.0,15.51,50.0
891,2023-04-05,4,2,2023,P014,Laptop,3,Electronics,CUST891,Male,41.0,S005,Bali Shop,Bali,Indonesia,3.0,300.0,900.0,17.59,900.0
892,2023-04-09,4,2,2023,P013,Smartwatch,3,Electronics,CUST892,Male,20.0,S003,Bandung Store,Bandung,Indonesia,1.0,50.0,50.0,11.76,50.0
893,2023-04-21,4,2,2023,P013,Smartwatch,3,Electronics,CUST893,Male,49.0,S001,Main Store Jakarta,Jakarta,Indonesia,1.0,50.0,50.0,5.71,50.0
894,2023-09-05,9,3,2023,P012,Charger,3,Electronics,CUST894,Male,52.0,S004,Medan Branch,Medan,Indonesia,3.0,30.0,30.0,5.97,30.0
895,2023-05-22,5,2,2023,P007,Jeans,2,Clothing,CUST895,Female,55.0,S004,Medan Branch,Medan,Indonesia,3.0,30.0,120.0,10.66,120.0
896,2023-10-29,10,4,2023,P011,Headphones,3,Electronics,CUST896,Female,30.0,S002,Surabaya Outlet,Surabaya,Indonesia,3.0,25.0,50.0,10.9,50.0
897,2023-09-26,9,3,2023,P013,Smartwatch,3,Electronics,CUST897,Female,64.0,S005,Bali Shop,Bali,Indonesia,2.0,50.0,100.0,7.86,100.0
898,2023-11-02,11,4,2023,P007,Jeans,2,Clothing,CUST898,Female,42.0,S002,Surabaya Outlet,Surabaya,Indonesia,3.0,30.0,90.0,2.95,90.0
899,2023-05-25,5,2,2023,P009,Dress,2,Clothing,CUST899,Male,26.0,S004,Medan Branch,Medan,Indonesia,3.0,300.0,600.0,6.06,600.0
900,2023-02-21,2,1,2023,P007,Jeans,2,Clothing,CUST900,Male,21.0,S004,Medan Branch,Medan,Indonesia,3.0,30.0,60.0,6.0,60.0
901,2023-04-10,4,2,2023,P012,Charger,3,Electronics,CUST901,Male,42.0,S002,Surabaya Outlet,Surabaya,Indonesia,1.0,30.0,30.0,14.2,30.0
902,2023-06-01,6,2,2023,P003,Perfume,1,Beauty,CUST902,Female,54.0,S005,Bali Shop,Bali,Indonesia,1.0,50.0,50.0,16.04,50.0
903,2023-04-27,4,2,2023,P003,Perfume,1,Beauty,CUST903,Female,42.0,S002,Surabaya Outlet,Surabaya,Indonesia,4.0,50.0,200.0,12.25,200.0
904,2023-07-04,7,3,2023,P010,Suit,2,Clothing,CUST904,Male,28.0,S001,Main Store Jakarta,Jakarta,Indonesia,1.0,500.0,500.0,14.34,500.0
905,2023-04-02,4,2,2023,P004,Skincare Set,1,Beauty,CUST905,Male,42.0,S005,Bali Shop,Bali,Indonesia,1.0,300.0,300.0,15.37,300.0
906,2023-06-04,6,2,2023,P008,Jacket,2,Clothing,CUST906,Female,20.0,S001,Main Store Jakarta,Jakarta,Indonesia,1.0,50.0,50.0,6.71,50.0
907,2023-01-08,1,1,2023,P011,Headphones,3,Electronics,CUST907,Female,45.0,S001,Main Store Jakarta,Jakarta,Indonesia,1.0,25.0,25.0,2.29,25.0
909,2023-10-01,10,4,2023,P014,Laptop,3,Electronics,CUST909,Male,42.0,S005,Bali Shop,Bali,Indonesia,1.0,300.0,300.0,12.65,300.0
910,2023-03-06,3,1,2023,P003,Perfume,1,Beauty,CUST910,Female,20.0,S003,Bandung Store,Bandung,Indonesia,3.0,50.0,150.0,10.96,150.0
911,2023-05-21,5,2,2023,P014,Laptop,3,Electronics,CUST911,Male,42.0,S005,Bali Shop,Bali,Indonesia,3.0,300.0,900.0,10.91,900.0
912,2023-01-24,1,1,2023,P003,Perfume,1,Beauty,CUST912,Male,51.0,S001,Main Store Jakarta,Jakarta,Indonesia,3.0,50.0,150.0,0.38,150.0
913,2023-01-28,1,1,2023,P012,Charger,3,Electronics,CUST913,Male,29.0,S001,Main Store Jakarta,Jakarta,Indonesia,3.0,30.0,90.0,4.15,90.0
914,2023-10-11,10,4,2023,P015,Smartphone,3,Electronics,CUST914,Female,59.0,S003,Bandung Store,Bandung,Indonesia,3.0,500.0,500.0,19.79,500.0
915,2023-05-30,5,2,2023,P002,Face Cream,1,Beauty,CUST915,Female,26.0,S002,Surabaya Outlet,Surabaya,Indonesia,3.0,30.0,90.0,2.47,90.0
916,2023-12-24,12,4,2023,P013,Smartwatch,3,Electronics,CUST916,Female,32.0,S001,Main Store Jakarta,Jakarta,Indonesia,1.0,50.0,50.0,9.09,50.0
917,2023-03-06,3,1,2023,P013,Smartwatch,3,Electronics,CUST917,Female,57.0,S001,Main Store Jakarta,Jakarta,Indonesia,3.0,50.0,200.0,19.23,200.0
918,2023-11-23,11,4,2023,P012,Charger,3,Electronics,CUST918,Female,42.0,S001,Main Store Jakarta,Jakarta,Indonesia,3.0,30.0,90.0,12.62,90.0
919,2023-09-09,9,3,2023,P001,Lipstick,1,Beauty,CUST919,Female,22.0,S003,Bandung Store,Bandung,Indonesia,2.0,25.0,50.0,8.22,50.0
920,2023-02-22,2,1,2023,P001,Lipstick,1,Beauty,CUST920,Female,28.0,S003,Bandung Store,Bandung,Indonesia,3.0,25.0,75.0,17.44,75.0
921,2023-01-07,1,1,2023,P011,Headphones,3,Electronics,CUST921,Male,51.0,S003,Bandung Store,Bandung,Indonesia,3.0,25.0,75.0,17.56,75.0
922,2023-10-21,10,4,2023,P013,Smartwatch,3,Electronics,CUST922,Male,41.0,S001,Main Store Jakarta,Jakarta,Indonesia,1.0,50.0,50.0,16.46,50.0
923,2023-05-26,5,2,2023,P004,Skincare Set,1,Beauty,CUST923,Male,32.0,S003,Bandung Store,Bandung,Indonesia,3.0,300.0,900.0,8.12,900.0
924,2023-08-29,8,3,2023,P003,Perfume,1,Beauty,CUST924,Male,55.0,S005,Bali Shop,Bali,Indonesia,2.0,50.0,100.0,12.59,100.0
925,2023-09-03,9,3,2023,P014,Laptop,3,Electronics,CUST925,Male,25.0,S004,Medan Branch,Medan,Indonesia,3.0,300.0,300.0,19.71,300.0
926,2023-08-14,8,3,2023,P012,Charger,3,Electronics,CUST926,Male,22.0,S003,Bandung Store,Bandung,Indonesia,1.0,30.0,30.0,12.35,30.0
927,2023-06-24,6,2,2023,P015,Smartphone,3,Electronics,CUST927,Male,43.0,S003,Bandung Store,Bandung,Indonesia,4.0,500.0,2000.0,4.47,2000.0
928,2023-04-05,4,2,2023,P009,Dress,2,Clothing,CUST928,Female,35.0,S003,Bandung Store,Bandung,Indonesia,3.0,300.0,1200.0,14.08,1200.0
929,2023-01-27,1,1,2023,P001,Lipstick,1,Beauty,CUST929,Female,23.0,S005,Bali Shop,Bali,Indonesia,3.0,25.0,75.0,16.44,75.0
930,2023-05-10,5,2,2023,P008,Jacket,2,Clothing,CUST930,Male,54.0,S004,Medan Branch,Medan,Indonesia,3.0,50.0,200.0,4.9,200.0
931,2023-09-02,9,3,2023,P002,Face Cream,1,Beauty,CUST931,Male,30.0,S001,Main Store Jakarta,Jakarta,Indonesia,4.0,30.0,120.0,9.71,120.0
932,2023-02-28,2,1,2023,P001,Lipstick,1,Beauty,CUST932,Female,45.0,S002,Surabaya Outlet,Surabaya,Indonesia,4.0,25.0,100.0,18.04,100.0
933,2023-02-03,2,1,2023,P002,Face Cream,1,Beauty,CUST933,Male,22.0,S003,Bandung Store,Bandung,Indonesia,1.0,30.0,30.0,12.27,30.0
934,2023-07-25,7,3,2023,P005,Makeup Kit,1,Beauty,CUST934,Male,30.0,S002,Surabaya Outlet,Surabaya,Indonesia,1.0,500.0,500.0,10.88,500.0
935,2023-09-09,9,3,2023,P003,Perfume,1,Beauty,CUST935,Female,34.0,S005,Bali Shop,Bali,Indonesia,1.0,50.0,50.0,15.22,50.0
936,2023-02-07,2,1,2023,P003,Perfume,1,Beauty,CUST936,Male,57.0,S003,Bandung Store,Bandung,Indonesia,4.0,50.0,200.0,14.94,200.0
937,2023-10-23,10,4,2023,P005,Makeup Kit,1,Beauty,CUST937,Female,62.0,S004,Medan Branch,Medan,Indonesia,3.0,500.0,500.0,14.73,500.0
938,2023-11-19,11,4,2023,P008,Jacket,2,Clothing,CUST938,Male,49.0,S003,Bandung Store,Bandung,Indonesia,4.0,50.0,200.0,19.32,200.0
939,2023-12-18,12,4,2023,P014,Laptop,3,Electronics,CUST939,Female,46.0,S001,Main Store Jakarta,Jakarta,Indonesia,3.0,300.0,300.0,8.05,300.0
940,2023-01-28,1,1,2023,P012,Charger,3,Electronics,CUST940,Female,20.0,S002,Surabaya Outlet,Surabaya,Indonesia,1.0,30.0,30.0,1.28,30.0
941,2023-03-19,3,1,2023,P006,T-Shirt,2,Clothing,CUST941,Female,57.0,S005,Bali Shop,Bali,Indonesia,2.0,25.0,50.0,4.61,50.0
942,2023-03-18,3,1,2023,P010,Suit,2,Clothing,CUST942,Male,51.0,S005,Bali Shop,Bali,Indonesia,3.0,500.0,1500.0,15.27,1500.0
943,2023-10-16,10,4,2023,P009,Dress,2,Clothing,CUST943,Female,57.0,S003,Bandung Store,Bandung,Indonesia,4.0,300.0,1200.0,13.38,1200.0
944,2023-06-05,6,2,2023,P006,T-Shirt,2,Clothing,CUST944,Male,44.0,S002,Surabaya Outlet,Surabaya,Indonesia,3.0,25.0,50.0,0.3,50.0
946,2023-05-08,5,2,2023,P015,Smartphone,3,Electronics,CUST946,Male,62.0,S004,Medan Branch,Medan,Indonesia,4.0,500.0,2000.0,14.39,2000.0
947,2023-03-02,3,1,2023,P004,Skincare Set,1,Beauty,CUST947,Male,50.0,S001,Main Store Jakarta,Jakarta,Indonesia,1.0,300.0,300.0,12.305,300.0
948,2023-10-13,10,4,2023,P011,Headphones,3,Electronics,CUST948,Female,23.0,S002,Surabaya Outlet,Surabaya,Indonesia,3.0,25.0,75.0,15.81,75.0
949,2023-08-02,8,3,2023,P011,Headphones,3,Electronics,CUST949,Female,41.0,S002,Surabaya Outlet,Surabaya,Indonesia,2.0,25.0,50.0,9.92,50.0
950,2023-11-07,11,4,2023,P009,Dress,2,Clothing,CUST950,Male,36.0,S002,Surabaya Outlet,Surabaya,Indonesia,3.0,300.0,900.0,12.86,900.0
951,2023-11-02,11,4,2023,P003,Perfume,1,Beauty,CUST951,Male,33.0,S005,Bali Shop,Bali,Indonesia,3.0,50.0,100.0,19.83,100.0
952,2023-11-13,11,4,2023,P006,T-Shirt,2,Clothing,CUST952,Female,57.0,S002,Surabaya Outlet,Surabaya,Indonesia,1.0,25.0,25.0,5.96,25.0
953,2023-04-26,4,2,2023,P002,Face Cream,1,Beauty,CUST953,Male,45.0,S002,Surabaya Outlet,Surabaya,Indonesia,3.0,30.0,90.0,11.06,90.0
954,2023-09-25,9,3,2023,P014,Laptop,3,Electronics,CUST954,Female,50.0,S002,Surabaya Outlet,Surabaya,Indonesia,3.0,300.0,900.0,13.86,900.0
955,2023-07-14,7,3,2023,P006,T-Shirt,2,Clothing,CUST955,Male,58.0,S005,Bali Shop,Bali,Indonesia,1.0,25.0,25.0,19.04,25.0
956,2023-08-19,8,3,2023,P010,Suit,2,Clothing,CUST956,Male,30.0,S005,Bali Shop,Bali,Indonesia,3.0,500.0,1500.0,5.24,1500.0
957,2023-08-15,8,3,2023,P012,Charger,3,Electronics,CUST957,Female,60.0,S005,Bali Shop,Bali,Indonesia,3.0,30.0,120.0,12.66,120.0
958,2023-06-02,6,2,2023,P011,Headphones,3,Electronics,CUST958,Male,62.0,S004,Medan Branch,Medan,Indonesia,3.0,25.0,50.0,7.37,50.0
959,2023-10-29,10,4,2023,P012,Charger,3,Electronics,CUST959,Female,42.0,S005,Bali Shop,Bali,Indonesia,2.0,30.0,60.0,2.54,60.0
960,2023-08-08,8,3,2023,P007,Jeans,2,Clothing,CUST960,Male,59.0,S005,Bali Shop,Bali,Indonesia,2.0,30.0,60.0,13.61,60.0
961,2023-06-06,6,2,2023,P003,Perfume,1,Beauty,CUST961,Male,53.0,S002,Surabaya Outlet,Surabaya,Indonesia,3.0,50.0,200.0,13.08,200.0
962,2023-10-19,10,4,2023,P007,Jeans,2,Clothing,CUST962,Male,44.0,S003,Bandung Store,Bandung,Indonesia,3.0,30.0,60.0,10.28,60.0
963,2023-11-14,11,4,2023,P003,Perfume,1,Beauty,CUST963,Female,55.0,S001,Main Store Jakarta,Jakarta,Indonesia,1.0,50.0,50.0,17.92,50.0
964,2023-01-31,1,1,2023,P009,Dress,2,Clothing,CUST964,Male,24.0,S003,Bandung Store,Bandung,Indonesia,3.0,300.0,900.0,15.86,900.0
965,2023-11-09,11,4,2023,P008,Jacket,2,Clothing,CUST965,Male,42.0,S003,Bandung Store,Bandung,Indonesia,4.0,50.0,200.0,15.41,200.0
966,2023-02-20,2,1,2023,P015,Smartphone,3,Electronics,CUST966,Male,60.0,S002,Surabaya Outlet,Surabaya,Indonesia,3.0,500.0,1000.0,10.52,1000.0
967,2023-04-17,4,2,2023,P001,Lipstick,1,Beauty,CUST967,Male,62.0,S003,Bandung Store,Bandung,Indonesia,1.0,25.0,25.0,9.31,25.0
968,2023-11-17,11,4,2023,P009,Dress,2,Clothing,CUST968,Female,48.0,S002,Surabaya Outlet,Surabaya,Indonesia,3.0,300.0,900.0,0.25,900.0
969,2023-04-19,4,2,2023,P009,Dress,2,Clothing,CUST969,Female,40.0,S004,Medan Branch,Medan,Indonesia,3.0,300.0,900.0,17.51,900.0
970,2023-05-16,5,2,2023,P015,Smartphone,3,Electronics,CUST970,Male,59.0,S002,Surabaya Outlet,Surabaya,Indonesia,3.0,500.0,2000.0,16.59,2000.0
971,2023-12-05,12,4,2023,P013,Smartwatch,3,Electronics,CUST971,Female,27.0,S001,Main Store Jakarta,Jakarta,Indonesia,4.0,50.0,200.0,9.77,200.0
972,2023-02-11,2,1,2023,P001,Lipstick,1,Beauty,CUST972,Male,49.0,S001,Main Store Jakarta,Jakarta,Indonesia,4.0,25.0,100.0,8.31,100.0
973,2023-03-22,3,1,2023,P008,Jacket,2,Clothing,CUST973,Male,60.0,S005,Bali Shop,Bali,Indonesia,1.0,50.0,50.0,7.16,50.0
974,2023-05-03,5,2,2023,P002,Face Cream,1,Beauty,CUST974,Male,47.0,S005,Bali Shop,Bali,Indonesia,1.0,30.0,30.0,14.35,30.0
975,2023-03-30,3,1,2023,P008,Jacket,2,Clothing,CUST975,Female,56.0,S004,Medan Branch,Medan,Indonesia,4.0,50.0,200.0,14.41,200.0
976,2023-10-10,10,4,2023,P004,Skincare Set,1,Beauty,CUST976,Female,48.0,S005,Bali Shop,Bali,Indonesia,2.0,300.0,600.0,6.04,600.0
977,2023-02-08,2,1,2023,P011,Headphones,3,Electronics,CUST977,Female,35.0,S005,Bali Shop,Bali,Indonesia,3.0,25.0,75.0,1.85,75.0
978,2023-03-22,3,1,2023,P008,Jacket,2,Clothing,CUST978,Female,53.0,S004,Medan Branch,Medan,Indonesia,3.0,50.0,150.0,3.18,150.0
979,2023-01-02,1,1,2023,P001,Lipstick,1,Beauty,CUST979,Female,19.0,S002,Surabaya Outlet,Surabaya,Indonesia,3.0,25.0,25.0,11.41,25.0
980,2023-07-29,7,3,2023,P011,Headphones,3,Electronics,CUST980,Female,31.0,S002,Surabaya Outlet,Surabaya,Indonesia,3.0,25.0,75.0,8.21,75.0
981,2023-08-19,8,3,2023,P012,Charger,3,Electronics,CUST981,Female,30.0,S001,Main Store Jakarta,Jakarta,Indonesia,2.0,30.0,60.0,2.12,60.0
982,2023-12-19,12,4,2023,P002,Face Cream,1,Beauty,CUST982,Female,46.0,S002,Surabaya Outlet,Surabaya,Indonesia,3.0,30.0,90.0,8.42,90.0
983,2023-11-01,11,4,2023,P009,Dress,2,Clothing,CUST983,Female,29.0,S001,Main Store Jakarta,Jakarta,Indonesia,1.0,300.0,300.0,17.9,300.0
985,2023-05-30,5,2,2023,P011,Headphones,3,Electronics,CUST985,Female,19.0,S004,Medan Branch,Medan,Indonesia,2.0,25.0,50.0,3.72,50.0
986,2023-01-17,1,1,2023,P010,Suit,2,Clothing,CUST986,Female,49.0,S003,Bandung Store,Bandung,Indonesia,2.0,500.0,1000.0,5.6,1000.0
987,2023-04-29,4,2,2023,P009,Dress,2,Clothing,CUST987,Female,30.0,S003,Bandung Store,Bandung,Indonesia,3.0,300.0,900.0,2.79,900.0
988,2023-05-28,5,2,2023,P006,T-Shirt,2,Clothing,CUST988,Female,63.0,S004,Medan Branch,Medan,Indonesia,3.0,25.0,75.0,12.17,75.0
989,2023-12-28,12,4,2023,P011,Headphones,3,Electronics,CUST989,Female,44.0,S003,Bandung Store,Bandung,Indonesia,1.0,25.0,25.0,0.66,25.0
990,2023-05-25,5,2,2023,P005,Makeup Kit,1,Beauty,CUST990,Female,58.0,S005,Bali Shop,Bali,Indonesia,3.0,500.0,1000.0,10.1,1000.0
991,2023-12-26,12,4,2023,P008,Jacket,2,Clothing,CUST991,Female,34.0,S004,Medan Branch,Medan,Indonesia,3.0,50.0,100.0,8.2,100.0
992,2023-08-21,8,3,2023,P012,Charger,3,Electronics,CUST992,Female,57.0,S003,Bandung Store,Bandung,Indonesia,2.0,30.0,60.0,2.88,60.0
993,2023-02-06,2,1,2023,P013,Smartwatch,3,Electronics,CUST993,Female,48.0,S003,Bandung Store,Bandung,Indonesia,3.0,50.0,150.0,7.66,150.0
994,2023-12-18,12,4,2023,P005,Makeup Kit,1,Beauty,CUST994,Female,51.0,S003,Bandung Store,Bandung,Indonesia,2.0,500.0,1000.0,6.65,1000.0
995,2023-04-30,4,2,2023,P007,Jeans,2,Clothing,CUST995,Female,41.0,S001,Main Store Jakarta,Jakarta,Indonesia,1.0,30.0,30.0,0.49,30.0
996,2023-05-16,5,2,2023,P008,Jacket,2,Clothing,CUST996,Male,62.0,S004,Medan Branch,Medan,Indonesia,3.0,50.0,50.0,10.82,50.0
998,2023-10-29,10,4,2023,P001,Lipstick,1,Beauty,CUST998,Female,23.0,S004,Medan Branch,Medan,Indonesia,4.0,25.0,100.0,9.66,100.0
999,2023-12-05,12,4,2023,P013,Smartwatch,3,Electronics,CUST999,Female,36.0,S005,Bali Shop,Bali,Indonesia,3.0,50.0,150.0,11.95,150.0
1000,2023-04-12,4,2,2023,P012,Charger,3,Electronics,CUST1000,Male,47.0,S005,Bali Shop,Bali,Indonesia,3.0,30.0,120.0,0.74,120.0
